segm_idx,collection,tablet_CDLI,view_desc,mzl_label,train_label,bbox,relative_bbox
0,train,VAT13604Vs,Obv,859,1,"[1995, 423, 2139, 573]","[1513, 283, 1657, 433]"
0,train,VAT13604Vs,Obv,1,2,"[2128, 434, 2208, 545]","[1646, 294, 1726, 405]"
0,train,VAT13604Vs,Obv,495,3,"[2202, 436, 2472, 572]","[1720, 296, 1990, 432]"
0,train,VAT13604Vs,Obv,110,4,"[2407, 412, 2693, 586]","[1925, 272, 2211, 446]"
0,train,VAT13604Vs,Obv,248,5,"[2824, 425, 3134, 571]","[2342, 285, 2652, 431]"
0,train,VAT13604Vs,Obv,110,4,"[3039, 379, 3255, 557]","[2557, 239, 2773, 417]"
0,train,VAT13604Vs,Obv,248,5,"[1722, 541, 2039, 675]","[1240, 401, 1557, 535]"
0,train,VAT13604Vs,Obv,134,6,"[1946, 534, 2231, 684]","[1464, 394, 1749, 544]"
0,train,VAT13604Vs,Obv,141,7,"[2187, 548, 2411, 696]","[1705, 408, 1929, 556]"
0,train,VAT13604Vs,Obv,111,8,"[2403, 548, 2674, 698]","[1921, 408, 2192, 558]"
0,train,VAT13604Vs,Obv,733,9,"[2728, 553, 3100, 699]","[2246, 413, 2618, 559]"
0,train,VAT13604Vs,Obv,869,10,"[3025, 577, 3191, 689]","[2543, 437, 2709, 549]"
0,train,VAT13604Vs,Obv,839,11,"[3195, 572, 3367, 704]","[2713, 432, 2885, 564]"
0,train,VAT13604Vs,Obv,686,12,"[1073, 666, 1336, 813]","[591, 526, 854, 673]"
0,train,VAT13604Vs,Obv,552,13,"[1329, 662, 1581, 819]","[847, 522, 1099, 679]"
0,train,VAT13604Vs,Obv,748,14,"[1584, 677, 1748, 805]","[1102, 537, 1266, 665]"
0,train,VAT13604Vs,Obv,514,15,"[1736, 666, 2171, 799]","[1254, 526, 1689, 659]"
0,train,VAT13604Vs,Obv,661,16,"[2121, 652, 2247, 792]","[1639, 512, 1765, 652]"
0,train,VAT13604Vs,Obv,495,3,"[2276, 695, 2600, 801]","[1794, 555, 2118, 661]"
0,train,VAT13604Vs,Obv,112,17,"[2807, 695, 3064, 804]","[2325, 555, 2582, 664]"
0,train,VAT13604Vs,Obv,589,18,"[3052, 676, 3322, 819]","[2570, 536, 2840, 679]"
0,train,VAT13604Vs,Obv,498,19,"[3285, 698, 3500, 824]","[2803, 558, 3018, 684]"
0,train,VAT13604Vs,Obv,127,20,"[701, 883, 961, 1066]","[219, 743, 479, 926]"
0,train,VAT13604Vs,Obv,127,20,"[912, 859, 1176, 1028]","[430, 719, 694, 888]"
0,train,VAT13604Vs,Obv,358,21,"[1174, 835, 1440, 983]","[692, 695, 958, 843]"
0,train,VAT13604Vs,Obv,1,2,"[1575, 838, 1861, 939]","[1093, 698, 1379, 799]"
0,train,VAT13604Vs,Obv,681,22,"[1829, 826, 2137, 961]","[1347, 686, 1655, 821]"
0,train,VAT13604Vs,Obv,839,11,"[2123, 839, 2299, 982]","[1641, 699, 1817, 842]"
0,train,VAT13604Vs,Obv,85,23,"[2287, 817, 2632, 962]","[1805, 677, 2150, 822]"
0,train,VAT13604Vs,Obv,14,24,"[2676, 852, 2981, 965]","[2194, 712, 2499, 825]"
0,train,VAT13604Vs,Obv,350,25,"[2996, 828, 3313, 980]","[2514, 688, 2831, 840]"
0,train,VAT13604Vs,Obv,10,26,"[3260, 859, 3504, 995]","[2778, 719, 3022, 855]"
0,train,VAT13604Vs,Obv,599,27,"[788, 1024, 992, 1178]","[306, 884, 510, 1038]"
0,train,VAT13604Vs,Obv,469,28,"[984, 1013, 1183, 1153]","[502, 873, 701, 1013]"
0,train,VAT13604Vs,Obv,162,29,"[1126, 967, 1619, 1136]","[644, 827, 1137, 996]"
0,train,VAT13604Vs,Obv,490,30,"[1604, 955, 1859, 1115]","[1122, 815, 1377, 975]"
0,train,VAT13604Vs,Obv,1,2,"[1871, 961, 2002, 1078]","[1389, 821, 1520, 938]"
0,train,VAT13604Vs,Obv,113,31,"[1991, 954, 2166, 1079]","[1509, 814, 1684, 939]"
0,train,VAT13604Vs,Obv,641,32,"[2167, 941, 2462, 1121]","[1685, 801, 1980, 981]"
0,train,VAT13604Vs,Obv,839,11,"[2579, 971, 2709, 1098]","[2097, 831, 2227, 958]"
0,train,VAT13604Vs,Obv,761,33,"[2695, 931, 2927, 1102]","[2213, 791, 2445, 962]"
0,train,VAT13604Vs,Obv,176,34,"[2862, 957, 3076, 1130]","[2380, 817, 2594, 990]"
0,train,VAT13604Vs,Obv,553,35,"[3043, 961, 3254, 1110]","[2561, 821, 2772, 970]"
0,train,VAT13604Vs,Obv,176,34,"[3171, 978, 3404, 1142]","[2689, 838, 2922, 1002]"
0,train,VAT13604Vs,Obv,255,36,"[3362, 957, 3514, 1134]","[2880, 817, 3032, 994]"
0,train,VAT13604Vs,Obv,552,13,"[882, 1150, 1107, 1305]","[400, 1010, 625, 1165]"
0,train,VAT13604Vs,Obv,1,2,"[1040, 1182, 1147, 1271]","[558, 1042, 665, 1131]"
0,train,VAT13604Vs,Obv,698,37,"[1141, 1109, 1391, 1305]","[659, 969, 909, 1165]"
0,train,VAT13604Vs,Obv,808,38,"[1339, 1114, 1572, 1277]","[857, 974, 1090, 1137]"
0,train,VAT13604Vs,Obv,113,31,"[1495, 1103, 1691, 1266]","[1013, 963, 1209, 1126]"
0,train,VAT13604Vs,Obv,596,39,"[1657, 1101, 1836, 1282]","[1175, 961, 1354, 1142]"
0,train,VAT13604Vs,Obv,9,40,"[1827, 1122, 2010, 1261]","[1345, 982, 1528, 1121]"
0,train,VAT13604Vs,Obv,98,41,"[1998, 1107, 2222, 1265]","[1516, 967, 1740, 1125]"
0,train,VAT13604Vs,Obv,511,42,"[2206, 1109, 2476, 1258]","[1724, 969, 1994, 1118]"
0,train,VAT13604Vs,Obv,579,43,"[2437, 1097, 2626, 1247]","[1955, 957, 2144, 1107]"
0,train,VAT13604Vs,Obv,498,19,"[2616, 1125, 2898, 1272]","[2134, 985, 2416, 1132]"
0,train,VAT13604Vs,Obv,859,1,"[2912, 1136, 3057, 1269]","[2430, 996, 2575, 1129]"
0,train,VAT13604Vs,Obv,641,32,"[3008, 1119, 3183, 1286]","[2526, 979, 2701, 1146]"
0,train,VAT13604Vs,Obv,379,44,"[3171, 1136, 3302, 1301]","[2689, 996, 2820, 1161]"
0,train,VAT13604Vs,Obv,381,45,"[3272, 1131, 3517, 1290]","[2790, 991, 3035, 1150]"
0,train,VAT13604Vs,Obv,641,32,"[842, 1299, 1063, 1447]","[360, 1159, 581, 1307]"
0,train,VAT13604Vs,Obv,596,39,"[1027, 1264, 1200, 1431]","[545, 1124, 718, 1291]"
0,train,VAT13604Vs,Obv,490,30,"[1197, 1285, 1475, 1428]","[715, 1145, 993, 1288]"
0,train,VAT13604Vs,Obv,313,46,"[1471, 1220, 1824, 1421]","[989, 1080, 1342, 1281]"
0,train,VAT13604Vs,Obv,750,47,"[1828, 1262, 2181, 1422]","[1346, 1122, 1699, 1282]"
0,train,VAT13604Vs,Obv,86,48,"[2163, 1239, 2617, 1382]","[1681, 1099, 2135, 1242]"
0,train,VAT13604Vs,Obv,120,49,"[2723, 1261, 3117, 1429]","[2241, 1121, 2635, 1289]"
0,train,VAT13604Vs,Obv,326,50,"[3117, 1259, 3513, 1404]","[2635, 1119, 3031, 1264]"
0,train,VAT13604Vs,Obv,825,51,"[710, 1442, 878, 1623]","[228, 1302, 396, 1483]"
0,train,VAT13604Vs,Obv,141,7,"[800, 1440, 1001, 1596]","[318, 1300, 519, 1456]"
0,train,VAT13604Vs,Obv,298,52,"[998, 1409, 1216, 1553]","[516, 1269, 734, 1413]"
0,train,VAT13604Vs,Obv,748,14,"[1203, 1445, 1306, 1562]","[721, 1305, 824, 1422]"
0,train,VAT13604Vs,Obv,10,26,"[1298, 1429, 1486, 1566]","[816, 1289, 1004, 1426]"
0,train,VAT13604Vs,Obv,495,3,"[1472, 1416, 1700, 1550]","[990, 1276, 1218, 1410]"
0,train,VAT13604Vs,Obv,839,11,"[1691, 1408, 1850, 1555]","[1209, 1268, 1368, 1415]"
0,train,VAT13604Vs,Obv,10,26,"[1826, 1414, 2024, 1543]","[1344, 1274, 1542, 1403]"
0,train,VAT13604Vs,Obv,695,53,"[1980, 1363, 2227, 1529]","[1498, 1223, 1745, 1389]"
0,train,VAT13604Vs,Obv,596,39,"[2201, 1389, 2438, 1536]","[1719, 1249, 1956, 1396]"
0,train,VAT13604Vs,Obv,350,25,"[2960, 1385, 3227, 1529]","[2478, 1245, 2745, 1389]"
0,train,VAT13604Vs,Obv,10,26,"[3250, 1396, 3520, 1545]","[2768, 1256, 3038, 1405]"
0,train,VAT13604Vs,Obv,834,54,"[681, 1612, 857, 1760]","[199, 1472, 375, 1620]"
0,train,VAT13604Vs,Obv,746,55,"[813, 1585, 1003, 1743]","[331, 1445, 521, 1603]"
0,train,VAT13604Vs,Obv,754,56,"[994, 1558, 1185, 1708]","[512, 1418, 703, 1568]"
0,train,VAT13604Vs,Obv,661,16,"[1154, 1568, 1229, 1685]","[672, 1428, 747, 1545]"
0,train,VAT13604Vs,Obv,825,51,"[1222, 1576, 1291, 1686]","[740, 1436, 809, 1546]"
0,train,VAT13604Vs,Obv,248,5,"[1291, 1558, 1546, 1719]","[809, 1418, 1064, 1579]"
0,train,VAT13604Vs,Obv,839,11,"[1535, 1545, 1689, 1696]","[1053, 1405, 1207, 1556]"
0,train,VAT13604Vs,Obv,10,26,"[1653, 1552, 1868, 1698]","[1171, 1412, 1386, 1558]"
0,train,VAT13604Vs,Obv,859,1,"[1863, 1541, 1974, 1680]","[1381, 1401, 1492, 1540]"
0,train,VAT13604Vs,Obv,548,57,"[1965, 1508, 2171, 1672]","[1483, 1368, 1689, 1532]"
0,train,VAT13604Vs,Obv,9,40,"[2420, 1528, 2615, 1660]","[1938, 1388, 2133, 1520]"
0,train,VAT13604Vs,Obv,358,21,"[2616, 1506, 2830, 1674]","[2134, 1366, 2348, 1534]"
0,train,VAT13604Vs,Obv,24,58,"[2816, 1530, 3149, 1664]","[2334, 1390, 2667, 1524]"
0,train,VAT13604Vs,Obv,900,59,"[3107, 1515, 3358, 1702]","[2625, 1375, 2876, 1562]"
0,train,VAT13604Vs,Obv,552,13,"[3355, 1511, 3524, 1669]","[2873, 1371, 3042, 1529]"
0,train,VAT13604Vs,Obv,808,38,"[697, 1760, 879, 1918]","[215, 1620, 397, 1778]"
0,train,VAT13604Vs,Obv,839,11,"[877, 1726, 1036, 1876]","[395, 1586, 554, 1736]"
0,train,VAT13604Vs,Obv,587,60,"[1003, 1701, 1374, 1856]","[521, 1561, 892, 1716]"
0,train,VAT13604Vs,Obv,242,61,"[1366, 1677, 1696, 1829]","[884, 1537, 1214, 1689]"
0,train,VAT13604Vs,Obv,127,20,"[1633, 1659, 1954, 1810]","[1151, 1519, 1472, 1670]"
0,train,VAT13604Vs,Obv,859,1,"[1947, 1677, 2074, 1836]","[1465, 1537, 1592, 1696]"
0,train,VAT13604Vs,Obv,380,62,"[2062, 1666, 2195, 1833]","[1580, 1526, 1713, 1693]"
0,train,VAT13604Vs,Obv,839,11,"[2522, 1681, 2678, 1822]","[2040, 1541, 2196, 1682]"
0,train,VAT13604Vs,Obv,10,26,"[2630, 1694, 2856, 1836]","[2148, 1554, 2374, 1696]"
0,train,VAT13604Vs,Obv,170,63,"[2791, 1691, 3020, 1830]","[2309, 1551, 2538, 1690]"
0,train,VAT13604Vs,Obv,380,62,"[3018, 1675, 3132, 1822]","[2536, 1535, 2650, 1682]"
0,train,VAT13604Vs,Obv,143,64,"[3113, 1683, 3326, 1850]","[2631, 1543, 2844, 1710]"
0,train,VAT13604Vs,Obv,110,4,"[3242, 1677, 3412, 1832]","[2760, 1537, 2930, 1692]"
0,train,VAT13604Vs,Obv,859,1,"[3405, 1662, 3510, 1825]","[2923, 1522, 3028, 1685]"
0,train,VAT13604Vs,Obv,839,11,"[962, 1887, 1073, 2070]","[480, 1747, 591, 1930]"
0,train,VAT13604Vs,Obv,561,65,"[1062, 1836, 1320, 2020]","[580, 1696, 838, 1880]"
0,train,VAT13604Vs,Obv,84,66,"[1309, 1810, 1686, 1995]","[827, 1670, 1204, 1855]"
0,train,VAT13604Vs,Obv,350,25,"[1659, 1794, 1918, 1980]","[1177, 1654, 1436, 1840]"
0,train,VAT13604Vs,Obv,10,26,"[1908, 1819, 2197, 1978]","[1426, 1679, 1715, 1838]"
0,train,VAT13604Vs,Obv,499,67,"[2468, 1792, 2829, 1970]","[1986, 1652, 2347, 1830]"
0,train,VAT13604Vs,Obv,851,68,"[2903, 1829, 3105, 1982]","[2421, 1689, 2623, 1842]"
0,train,VAT13604Vs,Obv,900,59,"[3194, 1813, 3480, 1986]","[2712, 1673, 2998, 1846]"
0,train,VAT13604Vs,Obv,207,69,"[1119, 2014, 1372, 2168]","[637, 1874, 890, 2028]"
0,train,VAT13604Vs,Obv,552,13,"[1364, 1993, 1642, 2163]","[882, 1853, 1160, 2023]"
0,train,VAT13604Vs,Obv,859,1,"[1640, 1990, 1827, 2142]","[1158, 1850, 1345, 2002]"
0,train,VAT13604Vs,Obv,10,26,"[1837, 1974, 2125, 2131]","[1355, 1834, 1643, 1991]"
0,train,VAT13604Vs,Obv,859,1,"[2117, 1975, 2253, 2122]","[1635, 1835, 1771, 1982]"
0,train,VAT13604Vs,Obv,110,4,"[2230, 1957, 2508, 2122]","[1748, 1817, 2026, 1982]"
0,train,VAT13604Vs,Obv,362,70,"[2474, 1994, 2814, 2146]","[1992, 1854, 2332, 2006]"
0,train,VAT13604Vs,Obv,85,23,"[2803, 1989, 3132, 2132]","[2321, 1849, 2650, 1992]"
0,train,VAT13604Vs,Obv,859,1,"[3133, 1960, 3335, 2123]","[2651, 1820, 2853, 1983]"
0,train,VAT13604Vs,Obv,10,26,"[3294, 1966, 3511, 2102]","[2812, 1826, 3029, 1962]"
0,train,VAT13604Vs,Obv,271,71,"[1177, 2164, 1457, 2337]","[695, 2024, 975, 2197]"
0,train,VAT13604Vs,Obv,490,30,"[1441, 2154, 1696, 2309]","[959, 2014, 1214, 2169]"
0,train,VAT13604Vs,Obv,469,28,"[1698, 2141, 1866, 2302]","[1216, 2001, 1384, 2162]"
0,train,VAT13604Vs,Obv,541,72,"[1851, 2115, 2183, 2297]","[1369, 1975, 1701, 2157]"
0,train,VAT13604Vs,Obv,514,15,"[2587, 2148, 2847, 2295]","[2105, 2008, 2365, 2155]"
0,train,VAT13604Vs,Obv,358,21,"[2840, 2117, 3023, 2268]","[2358, 1977, 2541, 2128]"
0,train,VAT13604Vs,Obv,808,38,"[2977, 2140, 3165, 2290]","[2495, 2000, 2683, 2150]"
0,train,VAT13604Vs,Obv,851,68,"[3157, 2110, 3276, 2295]","[2675, 1970, 2794, 2155]"
0,train,VAT13604Vs,Obv,16,73,"[3251, 2101, 3435, 2249]","[2769, 1961, 2953, 2109]"
0,train,VAT13604Vs,Obv,98,41,"[972, 2368, 1172, 2521]","[490, 2228, 690, 2381]"
0,train,VAT13604Vs,Obv,579,43,"[1449, 2303, 1597, 2450]","[967, 2163, 1115, 2310]"
0,train,VAT13604Vs,Obv,498,19,"[1597, 2306, 1865, 2469]","[1115, 2166, 1383, 2329]"
0,train,VAT13604Vs,Obv,493,74,"[1854, 2276, 2409, 2450]","[1372, 2136, 1927, 2310]"
0,train,VAT13604Vs,Obv,552,13,"[2397, 2303, 2721, 2469]","[1915, 2163, 2239, 2329]"
0,train,VAT13604Vs,Obv,640,75,"[2715, 2281, 2946, 2459]","[2233, 2141, 2464, 2319]"
0,train,VAT13604Vs,Obv,495,3,"[878, 2602, 1133, 2749]","[396, 2462, 651, 2609]"
0,train,VAT13604Vs,Obv,839,11,"[1124, 2578, 1302, 2729]","[642, 2438, 820, 2589]"
0,train,VAT13604Vs,Obv,661,16,"[1284, 2551, 1403, 2719]","[802, 2411, 921, 2579]"
0,train,VAT13604Vs,Obv,10,26,"[1389, 2540, 1628, 2715]","[907, 2400, 1146, 2575]"
0,train,VAT13604Vs,Obv,695,53,"[1596, 2505, 1836, 2668]","[1114, 2365, 1354, 2528]"
0,train,VAT13604Vs,Obv,596,39,"[1807, 2502, 1977, 2687]","[1325, 2362, 1495, 2547]"
0,train,VAT13604Vs,Obv,10,26,"[1959, 2514, 2157, 2651]","[1477, 2374, 1675, 2511]"
0,train,VAT13604Vs,Obv,142,76,"[2434, 2536, 2685, 2686]","[1952, 2396, 2203, 2546]"
0,train,VAT13604Vs,Obv,736,77,"[848, 2726, 1066, 2890]","[366, 2586, 584, 2750]"
0,train,VAT13604Vs,Obv,111,8,"[1040, 2704, 1307, 2882]","[558, 2564, 825, 2742]"
0,train,VAT13604Vs,Obv,24,58,"[1294, 2708, 1594, 2844]","[812, 2568, 1112, 2704]"
0,train,VAT13604Vs,Obv,498,19,"[1888, 2700, 2200, 2856]","[1406, 2560, 1718, 2716]"
0,train,VAT13604Vs,Obv,164,78,"[2978, 2649, 3220, 2817]","[2496, 2509, 2738, 2677]"
0,train,VAT13604Vs,Obv,724,79,"[3261, 2625, 3500, 2804]","[2779, 2485, 3018, 2664]"
0,train,VAT13604Vs,Obv,252,80,"[1049, 2880, 1353, 3021]","[567, 2740, 871, 2881]"
0,train,VAT13604Vs,Obv,753,81,"[2618, 2825, 2946, 2989]","[2136, 2685, 2464, 2849]"
0,train,VAT13604Vs,Obv,812,82,"[2938, 2774, 3221, 2948]","[2456, 2634, 2739, 2808]"
0,train,VAT13604Vs,Obv,118,83,"[3248, 2737, 3477, 2913]","[2766, 2597, 2995, 2773]"
0,train,VAT13604Vs,Obv,495,3,"[884, 3054, 1111, 3207]","[402, 2914, 629, 3067]"
0,train,VAT13604Vs,Obv,839,11,"[1099, 3030, 1257, 3175]","[617, 2890, 775, 3035]"
0,train,VAT13604Vs,Obv,661,16,"[1234, 3009, 1347, 3159]","[752, 2869, 865, 3019]"
0,train,VAT13604Vs,Obv,10,26,"[1335, 3016, 1533, 3142]","[853, 2876, 1051, 3002]"
0,train,VAT13604Vs,Obv,596,39,"[1803, 2952, 1991, 3131]","[1321, 2812, 1509, 2991]"
0,train,VAT13604Vs,Obv,1,2,"[1958, 2968, 2235, 3140]","[1476, 2828, 1753, 3000]"
0,train,VAT13604Vs,Obv,596,39,"[2243, 2949, 2433, 3107]","[1761, 2809, 1951, 2967]"
0,train,VAT13604Vs,Obv,10,26,"[2673, 2941, 3008, 3134]","[2191, 2801, 2526, 2994]"
0,train,VAT13604Vs,Obv,380,62,"[3008, 2933, 3259, 3081]","[2526, 2793, 2777, 2941]"
0,train,VAT13604Vs,Obv,495,3,"[3264, 2886, 3495, 3041]","[2782, 2746, 3013, 2901]"
0,train,VAT13604Vs,Obv,736,77,"[909, 3180, 1172, 3318]","[427, 3040, 690, 3178]"
0,train,VAT13604Vs,Obv,380,62,"[1166, 3171, 1437, 3323]","[684, 3031, 955, 3183]"
0,train,VAT13604Vs,Obv,260,84,"[1439, 3135, 1838, 3292]","[957, 2995, 1356, 3152]"
0,train,VAT13604Vs,Obv,252,80,"[1838, 3137, 2187, 3270]","[1356, 2997, 1705, 3130]"
0,train,VAT13604Vs,Obv,113,31,"[2186, 3080, 2402, 3246]","[1704, 2940, 1920, 3106]"
0,train,VAT13604Vs,Obv,851,68,"[2550, 3109, 2777, 3269]","[2068, 2969, 2295, 3129]"
0,train,VAT13604Vs,Obv,690,85,"[2935, 3044, 3267, 3209]","[2453, 2904, 2785, 3069]"
0,train,VAT13604Vs,Obv,552,13,"[3267, 3001, 3500, 3185]","[2785, 2861, 3018, 3045]"
0,train,VAT13604Vs,Obv,380,62,"[913, 3314, 1201, 3492]","[431, 3174, 719, 3352]"
0,train,VAT13604Vs,Obv,736,77,"[1166, 3286, 1466, 3478]","[684, 3146, 984, 3338]"
0,train,VAT13604Vs,Obv,110,4,"[1459, 3257, 1796, 3444]","[977, 3117, 1314, 3304]"
0,train,VAT13604Vs,Obv,711,86,"[1753, 3265, 1984, 3422]","[1271, 3125, 1502, 3282]"
0,train,VAT13604Vs,Obv,120,49,"[1961, 3233, 2226, 3438]","[1479, 3093, 1744, 3298]"
0,train,VAT13604Vs,Obv,839,11,"[2224, 3256, 2384, 3414]","[1742, 3116, 1902, 3274]"
0,train,VAT13604Vs,Obv,580,87,"[2569, 3193, 2942, 3392]","[2087, 3053, 2460, 3252]"
0,train,VAT13604Vs,Obv,828,88,"[2935, 3170, 3235, 3353]","[2453, 3030, 2753, 3213]"
0,train,VAT13604Vs,Obv,172,89,"[3244, 3168, 3493, 3335]","[2762, 3028, 3011, 3195]"
0,train,VAT13604Vs,Obv,98,41,"[1099, 3458, 1347, 3614]","[617, 3318, 865, 3474]"
0,train,VAT13604Vs,Obv,511,42,"[1390, 3438, 1803, 3603]","[908, 3298, 1321, 3463]"
0,train,VAT13604Vs,Obv,579,43,"[1794, 3413, 2000, 3586]","[1312, 3273, 1518, 3446]"
0,train,VAT13604Vs,Obv,498,19,"[2024, 3413, 2372, 3572]","[1542, 3273, 1890, 3432]"
0,train,VAT13604Vs,Obv,10,26,"[2442, 3381, 2948, 3559]","[1960, 3241, 2466, 3419]"
0,train,VAT13604Vs,Obv,380,62,"[2947, 3351, 3242, 3518]","[2465, 3211, 2760, 3378]"
0,train,VAT13604Vs,Obv,498,19,"[3258, 3287, 3503, 3456]","[2776, 3147, 3021, 3316]"
0,train,VAT13604Vs,Obv,495,3,"[1089, 3608, 1420, 3774]","[607, 3468, 938, 3634]"
0,train,VAT13604Vs,Obv,252,80,"[1706, 3612, 1907, 3734]","[1224, 3472, 1425, 3594]"
0,train,VAT13604Vs,Obv,132,90,"[1904, 3593, 2159, 3734]","[1422, 3453, 1677, 3594]"
0,train,VAT13604Vs,Obv,808,38,"[2120, 3544, 2376, 3728]","[1638, 3404, 1894, 3588]"
0,train,VAT13604Vs,Obv,552,13,"[2469, 3565, 2773, 3701]","[1987, 3425, 2291, 3561]"
0,train,VAT13604Vs,Obv,889,91,"[2740, 3510, 3136, 3726]","[2258, 3370, 2654, 3586]"
0,train,VAT13604Vs,Obv,98,41,"[3106, 3456, 3324, 3638]","[2624, 3316, 2842, 3498]"
0,train,VAT13604Vs,Obv,601,92,"[1123, 3761, 1270, 3908]","[641, 3621, 788, 3768]"
0,train,VAT13604Vs,Obv,859,1,"[1562, 3758, 1742, 3906]","[1080, 3618, 1260, 3766]"
0,train,VAT13604Vs,Obv,137,93,"[1724, 3733, 2069, 3889]","[1242, 3593, 1587, 3749]"
0,train,VAT13604Vs,Obv,380,62,"[2050, 3738, 2326, 3890]","[1568, 3598, 1844, 3750]"
0,train,VAT13604Vs,Obv,661,16,"[2326, 3717, 2435, 3864]","[1844, 3577, 1953, 3724]"
0,train,VAT13604Vs,Obv,812,82,"[2417, 3731, 2637, 3873]","[1935, 3591, 2155, 3733]"
0,train,VAT13604Vs,Obv,490,30,"[2623, 3686, 2923, 3867]","[2141, 3546, 2441, 3727]"
0,train,VAT13604Vs,Obv,631,94,"[2924, 3661, 3065, 3838]","[2442, 3521, 2583, 3698]"
0,train,VAT13604Vs,Obv,736,77,"[3051, 3633, 3360, 3818]","[2569, 3493, 2878, 3678]"
0,train,VAT13604Vs,Obv,631,94,"[1882, 3877, 2040, 4064]","[1400, 3737, 1558, 3924]"
0,train,VAT13604Vs,Obv,596,39,"[2341, 3868, 2602, 4049]","[1859, 3728, 2120, 3909]"
0,train,VAT13604Vs,Obv,859,1,"[2592, 3874, 2785, 4068]","[2110, 3734, 2303, 3928]"
0,train,VAT13604Vs,Obv,10,26,"[2737, 3866, 3026, 4021]","[2255, 3726, 2544, 3881]"
0,train,VAT13604Vs,Obv,747,95,"[3027, 3826, 3243, 3997]","[2545, 3686, 2761, 3857]"
0,train,VAT13604Vs,Obv,98,41,"[3274, 3795, 3493, 3955]","[2792, 3655, 3011, 3815]"
0,train,VAT13604Vs,Obv,10,26,"[2099, 4070, 2333, 4196]","[1617, 3930, 1851, 4056]"
0,train,VAT13604Vs,Obv,754,56,"[2333, 4051, 2691, 4190]","[1851, 3911, 2209, 4050]"
0,train,VAT13604Vs,Obv,567,96,"[2681, 4010, 2984, 4156]","[2199, 3870, 2502, 4016]"
0,train,VAT13604Vs,Obv,580,87,"[2979, 3992, 3270, 4144]","[2497, 3852, 2788, 4004]"
0,train,VAT13604Vs,Obv,118,83,"[3267, 3920, 3482, 4121]","[2785, 3780, 3000, 3981]"
0,train,VAT13604Vs,Obv,754,56,"[2155, 4202, 2675, 4362]","[1673, 4062, 2193, 4222]"
0,train,VAT13604Vs,Obv,733,9,"[2719, 4125, 3219, 4319]","[2237, 3985, 2737, 4179]"
0,train,VAT13604Vs,Obv,754,56,"[3292, 4109, 3496, 4308]","[2810, 3969, 3014, 4168]"
0,train,VAT13604Vs,Obv,839,11,"[1681, 4362, 1959, 4517]","[1199, 4222, 1477, 4377]"
0,train,VAT13604Vs,Obv,567,96,"[1945, 4341, 2310, 4490]","[1463, 4201, 1828, 4350]"
0,train,VAT13604Vs,Obv,118,83,"[2282, 4328, 2580, 4505]","[1800, 4188, 2098, 4365]"
0,train,VAT13604Vs,Obv,99,97,"[2589, 4338, 2821, 4502]","[2107, 4198, 2339, 4362]"
0,train,VAT13604Vs,Obv,10,26,"[2814, 4340, 3089, 4485]","[2332, 4200, 2607, 4345]"
0,train,VAT13604Vs,Obv,380,62,"[3090, 4324, 3286, 4456]","[2608, 4184, 2804, 4316]"
0,train,VAT13604Vs,Obv,552,13,"[3273, 4258, 3502, 4454]","[2791, 4118, 3020, 4314]"
0,train,VAT13604Vs,Obv,839,11,"[1912, 4519, 2126, 4656]","[1430, 4379, 1644, 4516]"
0,train,VAT13604Vs,Obv,839,11,"[2400, 4509, 2583, 4642]","[1918, 4369, 2101, 4502]"
0,train,VAT13604Vs,Obv,839,11,"[2608, 4501, 2761, 4622]","[2126, 4361, 2279, 4482]"
0,train,VAT13604Vs,Obv,808,38,"[2905, 4472, 3170, 4641]","[2423, 4332, 2688, 4501]"
0,train,VAT13604Vs,Obv,112,17,"[3222, 4464, 3481, 4599]","[2740, 4324, 2999, 4459]"
1,train,VAT13604Rs,Rev,578,98,"[2452, 393, 2648, 546]","[2452, 393, 2648, 546]"
1,train,VAT13604Rs,Rev,484,99,"[2331, 528, 2690, 681]","[2331, 528, 2690, 681]"
1,train,VAT13604Rs,Rev,578,98,"[2820, 505, 2998, 646]","[2820, 505, 2998, 646]"
1,train,VAT13604Rs,Rev,737,100,"[2270, 913, 2568, 1061]","[2270, 913, 2568, 1061]"
1,train,VAT13604Rs,Rev,180,101,"[2999, 905, 3375, 1064]","[2999, 905, 3375, 1064]"
1,train,VAT13604Rs,Rev,491,102,"[2699, 1128, 3062, 1307]","[2699, 1128, 3062, 1307]"
1,train,VAT13604Rs,Rev,737,100,"[2482, 1275, 2763, 1427]","[2482, 1275, 2763, 1427]"
1,train,VAT13604Rs,Rev,635,103,"[2912, 1407, 3219, 1591]","[2912, 1407, 3219, 1591]"
1,train,VAT13604Rs,Rev,184,104,"[785, 1788, 1144, 1978]","[785, 1788, 1144, 1978]"
1,train,VAT13604Rs,Rev,612,105,"[2556, 1709, 2730, 1906]","[2556, 1709, 2730, 1906]"
1,train,VAT13604Rs,Rev,756,106,"[2442, 1872, 2789, 2061]","[2442, 1872, 2789, 2061]"
1,train,VAT13604Rs,Rev,181,107,"[2145, 2215, 2468, 2368]","[2145, 2215, 2468, 2368]"
1,train,VAT13604Rs,Rev,89,108,"[1018, 2405, 1348, 2585]","[1018, 2405, 1348, 2585]"
1,train,VAT13604Rs,Rev,15,109,"[1747, 3180, 2065, 3319]","[1747, 3180, 2065, 3319]"
1,train,VAT13604Rs,Rev,140,110,"[2335, 3065, 2736, 3239]","[2335, 3065, 2736, 3239]"
1,train,VAT13604Rs,Rev,856,111,"[2981, 3055, 3187, 3265]","[2981, 3055, 3187, 3265]"
1,train,VAT13604Rs,Rev,585,112,"[1452, 3541, 1822, 3735]","[1452, 3541, 1822, 3735]"
1,train,VAT13604Rs,Rev,464,113,"[2037, 3503, 2431, 3728]","[2037, 3503, 2431, 3728]"
1,train,VAT13604Rs,Rev,807,114,"[1483, 3936, 1844, 4108]","[1483, 3936, 1844, 4108]"
5,train,VAT08803Vs,Obv,15,109,"[2895, 5073, 3102, 5198]","[2895, 5073, 3102, 5198]"
5,train,VAT08803Vs,Obv,297,115,"[2587, 5031, 2877, 5176]","[2587, 5031, 2877, 5176]"
5,train,VAT08803Vs,Obv,223,116,"[1863, 5021, 2113, 5169]","[1863, 5021, 2113, 5169]"
5,train,VAT08803Vs,Obv,89,108,"[1454, 5002, 1666, 5135]","[1454, 5002, 1666, 5135]"
5,train,VAT08803Vs,Obv,491,102,"[1720, 4885, 1963, 5015]","[1720, 4885, 1963, 5015]"
5,train,VAT08803Vs,Obv,184,104,"[2384, 4789, 2684, 4924]","[2384, 4789, 2684, 4924]"
5,train,VAT08803Vs,Obv,755,117,"[1570, 4747, 1779, 4893]","[1570, 4747, 1779, 4893]"
5,train,VAT08803Vs,Obv,856,111,"[2395, 4528, 2562, 4684]","[2395, 4528, 2562, 4684]"
5,train,VAT08803Vs,Obv,411,118,"[1096, 4358, 1300, 4508]","[1096, 4358, 1300, 4508]"
5,train,VAT08803Vs,Obv,266,119,"[913, 4361, 1101, 4514]","[913, 4361, 1101, 4514]"
5,train,VAT08803Vs,Obv,351,120,"[592, 4358, 840, 4512]","[592, 4358, 840, 4512]"
5,train,VAT08803Vs,Obv,464,113,"[482, 4356, 604, 4518]","[482, 4356, 604, 4518]"
5,train,VAT08803Vs,Obv,560,121,"[2424, 4266, 2693, 4419]","[2424, 4266, 2693, 4419]"
5,train,VAT08803Vs,Obv,672,122,"[1713, 4276, 1883, 4410]","[1713, 4276, 1883, 4410]"
5,train,VAT08803Vs,Obv,354,123,"[1404, 4227, 1592, 4392]","[1404, 4227, 1592, 4392]"
5,train,VAT08803Vs,Obv,181,107,"[1267, 4248, 1416, 4389]","[1267, 4248, 1416, 4389]"
5,train,VAT08803Vs,Obv,354,123,"[670, 4219, 885, 4364]","[670, 4219, 885, 4364]"
5,train,VAT08803Vs,Obv,560,121,"[487, 4207, 725, 4370]","[487, 4207, 725, 4370]"
5,train,VAT08803Vs,Obv,253,124,"[1753, 4140, 1917, 4278]","[1753, 4140, 1917, 4278]"
5,train,VAT08803Vs,Obv,729,125,"[1324, 4095, 1553, 4255]","[1324, 4095, 1553, 4255]"
5,train,VAT08803Vs,Obv,496,126,"[1182, 4101, 1362, 4247]","[1182, 4101, 1362, 4247]"
5,train,VAT08803Vs,Obv,729,125,"[581, 4077, 845, 4225]","[581, 4077, 845, 4225]"
5,train,VAT08803Vs,Obv,833,127,"[373, 4088, 620, 4215]","[373, 4088, 620, 4215]"
5,train,VAT08803Vs,Obv,672,122,"[2462, 4010, 2824, 4124]","[2462, 4010, 2824, 4124]"
5,train,VAT08803Vs,Obv,502,128,"[417, 3948, 631, 4099]","[417, 3948, 631, 4099]"
5,train,VAT08803Vs,Obv,91,129,"[543, 3826, 784, 3965]","[543, 3826, 784, 3965]"
5,train,VAT08803Vs,Obv,807,114,"[2320, 3708, 2515, 3869]","[2320, 3708, 2515, 3869]"
5,train,VAT08803Vs,Obv,223,116,"[2233, 3581, 2478, 3731]","[2233, 3581, 2478, 3731]"
5,train,VAT08803Vs,Obv,501,130,"[724, 3562, 906, 3707]","[724, 3562, 906, 3707]"
5,train,VAT08803Vs,Obv,745,131,"[1164, 3430, 1348, 3580]","[1164, 3430, 1348, 3580]"
5,train,VAT08803Vs,Obv,292,132,"[2281, 3289, 2490, 3449]","[2281, 3289, 2490, 3449]"
5,train,VAT08803Vs,Obv,745,131,"[596, 3299, 745, 3441]","[596, 3299, 745, 3441]"
5,train,VAT08803Vs,Obv,26,133,"[414, 3291, 641, 3436]","[414, 3291, 641, 3436]"
5,train,VAT08803Vs,Obv,357,134,"[2418, 3151, 2681, 3300]","[2418, 3151, 2681, 3300]"
5,train,VAT08803Vs,Obv,632,135,"[1265, 3153, 1390, 3319]","[1265, 3153, 1390, 3319]"
5,train,VAT08803Vs,Obv,591,136,"[1033, 3183, 1188, 3311]","[1033, 3183, 1188, 3311]"
5,train,VAT08803Vs,Obv,466,137,"[776, 3167, 1090, 3325]","[776, 3167, 1090, 3325]"
5,train,VAT08803Vs,Obv,591,136,"[549, 3168, 698, 3299]","[549, 3168, 698, 3299]"
5,train,VAT08803Vs,Obv,387,138,"[2669, 2990, 2911, 3152]","[2669, 2990, 2911, 3152]"
5,train,VAT08803Vs,Obv,387,138,"[2440, 3021, 2659, 3179]","[2440, 3021, 2659, 3179]"
5,train,VAT08803Vs,Obv,297,115,"[2624, 2879, 2921, 3015]","[2624, 2879, 2921, 3015]"
5,train,VAT08803Vs,Obv,543,139,"[912, 2903, 1110, 3051]","[912, 2903, 1110, 3051]"
5,train,VAT08803Vs,Obv,484,99,"[1237, 2774, 1455, 2916]","[1237, 2774, 1455, 2916]"
5,train,VAT08803Vs,Obv,92,140,"[1164, 2508, 1451, 2668]","[1164, 2508, 1451, 2668]"
5,train,VAT08803Vs,Obv,378,141,"[2742, 2337, 2974, 2496]","[2742, 2337, 2974, 2496]"
5,train,VAT08803Vs,Obv,166,142,"[1041, 2400, 1300, 2539]","[1041, 2400, 1300, 2539]"
5,train,VAT08803Vs,Obv,535,143,"[2482, 2232, 2736, 2407]","[2482, 2232, 2736, 2407]"
5,train,VAT08803Vs,Obv,726,144,"[781, 2139, 1096, 2271]","[781, 2139, 1096, 2271]"
5,train,VAT08803Vs,Obv,148,145,"[2330, 2008, 2581, 2142]","[2330, 2008, 2581, 2142]"
5,train,VAT08803Vs,Obv,140,110,"[881, 1997, 1116, 2150]","[881, 1997, 1116, 2150]"
5,train,VAT08803Vs,Obv,356,146,"[546, 1971, 883, 2152]","[546, 1971, 883, 2152]"
5,train,VAT08803Vs,Obv,836,147,"[2927, 1856, 3141, 2001]","[2927, 1856, 3141, 2001]"
5,train,VAT08803Vs,Obv,566,148,"[2270, 1888, 2404, 2012]","[2270, 1888, 2404, 2012]"
5,train,VAT08803Vs,Obv,899,149,"[1019, 1871, 1303, 2014]","[1019, 1871, 1303, 2014]"
5,train,VAT08803Vs,Obv,26,133,"[1471, 1742, 1776, 1895]","[1471, 1742, 1776, 1895]"
5,train,VAT08803Vs,Obv,562,150,"[1297, 1730, 1459, 1906]","[1297, 1730, 1459, 1906]"
5,train,VAT08803Vs,Obv,887,151,"[563, 1709, 772, 1895]","[563, 1709, 772, 1895]"
5,train,VAT08803Vs,Obv,139,152,"[1807, 1628, 2108, 1766]","[1807, 1628, 2108, 1766]"
5,train,VAT08803Vs,Obv,543,139,"[1560, 1604, 1771, 1757]","[1560, 1604, 1771, 1757]"
5,train,VAT08803Vs,Obv,714,153,"[632, 1603, 800, 1748]","[632, 1603, 800, 1748]"
5,train,VAT08803Vs,Obv,80,154,"[671, 1465, 884, 1623]","[671, 1465, 884, 1623]"
5,train,VAT08803Vs,Obv,598,155,"[555, 1466, 717, 1639]","[555, 1466, 717, 1639]"
5,train,VAT08803Vs,Obv,598,155,"[2654, 1384, 2919, 1519]","[2654, 1384, 2919, 1519]"
5,train,VAT08803Vs,Obv,136,156,"[2934, 1225, 3150, 1383]","[2934, 1225, 3150, 1383]"
5,train,VAT08803Vs,Obv,501,130,"[2431, 1252, 2646, 1388]","[2431, 1252, 2646, 1388]"
5,train,VAT08803Vs,Obv,238,157,"[2718, 1125, 2980, 1261]","[2718, 1125, 2980, 1261]"
5,train,VAT08803Vs,Obv,632,135,"[1606, 1111, 1728, 1252]","[1606, 1111, 1728, 1252]"
5,train,VAT08803Vs,Obv,485,158,"[1299, 1100, 1538, 1232]","[1299, 1100, 1538, 1232]"
5,train,VAT08803Vs,Obv,474,159,"[1102, 1101, 1306, 1235]","[1102, 1101, 1306, 1235]"
5,train,VAT08803Vs,Obv,474,159,"[1014, 977, 1235, 1108]","[1014, 977, 1235, 1108]"
5,train,VAT08803Vs,Obv,261,160,"[2723, 842, 2959, 990]","[2723, 842, 2959, 990]"
5,train,VAT08803Vs,Obv,635,103,"[2160, 872, 2380, 998]","[2160, 872, 2380, 998]"
5,train,VAT08803Vs,Obv,357,134,"[1643, 858, 1873, 1004]","[1643, 858, 1873, 1004]"
5,train,VAT08803Vs,Obv,731,161,"[822, 831, 1108, 968]","[822, 831, 1108, 968]"
5,train,VAT08803Vs,Obv,79,162,"[928, 716, 1138, 838]","[928, 716, 1138, 838]"
5,train,VAT08803Vs,Obv,566,148,"[1165, 615, 1387, 744]","[1165, 615, 1387, 744]"
5,train,VAT08803Vs,Obv,507,163,"[1287, 508, 1522, 645]","[1287, 508, 1522, 645]"
5,train,VAT08803Vs,Obv,815,164,"[1087, 498, 1299, 641]","[1087, 498, 1299, 641]"
6,train,VAT08803Rs,Rev,836,147,"[867, 4964, 1064, 5094]","[867, 4964, 1064, 5094]"
6,train,VAT08803Rs,Rev,238,157,"[3039, 4614, 3198, 4768]","[3039, 4614, 3198, 4768]"
6,train,VAT08803Rs,Rev,437,165,"[2274, 4651, 2429, 4784]","[2274, 4651, 2429, 4784]"
6,train,VAT08803Rs,Rev,292,132,"[2143, 4667, 2282, 4787]","[2143, 4667, 2282, 4787]"
6,train,VAT08803Rs,Rev,691,166,"[839, 4619, 1116, 4810]","[839, 4619, 1116, 4810]"
6,train,VAT08803Rs,Rev,678,167,"[2765, 4314, 2947, 4458]","[2765, 4314, 2947, 4458]"
6,train,VAT08803Rs,Rev,682,168,"[2799, 3989, 3124, 4156]","[2799, 3989, 3124, 4156]"
6,train,VAT08803Rs,Rev,732,169,"[882, 3791, 1167, 3971]","[882, 3791, 1167, 3971]"
6,train,VAT08803Rs,Rev,883,170,"[1563, 3322, 1775, 3472]","[1563, 3322, 1775, 3472]"
6,train,VAT08803Rs,Rev,705,171,"[806, 3358, 1107, 3523]","[806, 3358, 1107, 3523]"
6,train,VAT08803Rs,Rev,821,172,"[2868, 3151, 3213, 3330]","[2868, 3151, 3213, 3330]"
6,train,VAT08803Rs,Rev,708,173,"[2773, 3219, 2870, 3331]","[2773, 3219, 2870, 3331]"
6,train,VAT08803Rs,Rev,708,173,"[2483, 3212, 2590, 3336]","[2483, 3212, 2590, 3336]"
6,train,VAT08803Rs,Rev,636,174,"[1825, 3182, 2038, 3348]","[1825, 3182, 2038, 3348]"
6,train,VAT08803Rs,Rev,705,171,"[1176, 3184, 1494, 3354]","[1176, 3184, 1494, 3354]"
6,train,VAT08803Rs,Rev,139,152,"[1737, 3067, 1971, 3206]","[1737, 3067, 1971, 3206]"
6,train,VAT08803Rs,Rev,883,170,"[1571, 3045, 1757, 3196]","[1571, 3045, 1757, 3196]"
6,train,VAT08803Rs,Rev,129,175,"[1263, 3091, 1393, 3220]","[1263, 3091, 1393, 3220]"
6,train,VAT08803Rs,Rev,221,176,"[1718, 2891, 1958, 3042]","[1718, 2891, 1958, 3042]"
6,train,VAT08803Rs,Rev,411,118,"[1851, 2755, 2035, 2915]","[1851, 2755, 2035, 2915]"
6,train,VAT08803Rs,Rev,266,119,"[1680, 2769, 1858, 2915]","[1680, 2769, 1858, 2915]"
6,train,VAT08803Rs,Rev,351,120,"[1375, 2763, 1615, 2930]","[1375, 2763, 1615, 2930]"
6,train,VAT08803Rs,Rev,636,174,"[2666, 2625, 2911, 2753]","[2666, 2625, 2911, 2753]"
6,train,VAT08803Rs,Rev,494,177,"[1557, 2617, 1768, 2743]","[1557, 2617, 1768, 2743]"
6,train,VAT08803Rs,Rev,731,161,"[1351, 2482, 1617, 2630]","[1351, 2482, 1617, 2630]"
6,train,VAT08803Rs,Rev,80,154,"[895, 2484, 1085, 2630]","[895, 2484, 1085, 2630]"
6,train,VAT08803Rs,Rev,504,178,"[2617, 2335, 2918, 2488]","[2617, 2335, 2918, 2488]"
6,train,VAT08803Rs,Rev,558,179,"[947, 2349, 1151, 2490]","[947, 2349, 1151, 2490]"
6,train,VAT08803Rs,Rev,725,180,"[721, 2214, 1098, 2366]","[721, 2214, 1098, 2366]"
6,train,VAT08803Rs,Rev,483,181,"[626, 2106, 832, 2239]","[626, 2106, 832, 2239]"
6,train,VAT08803Rs,Rev,79,162,"[2315, 1955, 2561, 2119]","[2315, 1955, 2561, 2119]"
6,train,VAT08803Rs,Rev,507,163,"[1178, 1945, 1393, 2101]","[1178, 1945, 1393, 2101]"
6,train,VAT08803Rs,Rev,815,164,"[1009, 1968, 1184, 2100]","[1009, 1968, 1184, 2100]"
6,train,VAT08803Rs,Rev,466,137,"[1001, 1842, 1322, 1971]","[1001, 1842, 1322, 1971]"
6,train,VAT08803Rs,Rev,148,145,"[2566, 1591, 2763, 1717]","[2566, 1591, 2763, 1717]"
6,train,VAT08803Rs,Rev,289,182,"[1999, 1571, 2224, 1712]","[1999, 1571, 2224, 1712]"
6,train,VAT08803Rs,Rev,289,182,"[566, 1605, 760, 1757]","[566, 1605, 760, 1757]"
6,train,VAT08803Rs,Rev,356,146,"[2483, 1438, 2847, 1576]","[2483, 1438, 2847, 1576]"
6,train,VAT08803Rs,Rev,504,178,"[2301, 1296, 2484, 1456]","[2301, 1296, 2484, 1456]"
6,train,VAT08803Rs,Rev,485,158,"[2003, 1305, 2251, 1438]","[2003, 1305, 2251, 1438]"
6,train,VAT08803Rs,Rev,258,183,"[1806, 1318, 2016, 1481]","[1806, 1318, 2016, 1481]"
6,train,VAT08803Rs,Rev,92,140,"[667, 1197, 834, 1343]","[667, 1197, 834, 1343]"
6,train,VAT08803Rs,Rev,5,184,"[821, 1066, 1068, 1212]","[821, 1066, 1068, 1212]"
6,train,VAT08803Rs,Rev,701,185,"[1885, 943, 2171, 1076]","[1885, 943, 2171, 1076]"
6,train,VAT08803Rs,Rev,691,166,"[972, 948, 1250, 1080]","[972, 948, 1250, 1080]"
6,train,VAT08803Rs,Rev,178,186,"[727, 850, 992, 961]","[727, 850, 992, 961]"
6,train,VAT08803Rs,Rev,644,187,"[1380, 608, 1579, 709]","[1380, 608, 1579, 709]"
6,train,VAT08803Rs,Rev,221,176,"[835, 576, 949, 701]","[835, 576, 949, 701]"
6,train,VAT08803Rs,Rev,500,188,"[2204, 499, 2390, 623]","[2204, 499, 2390, 623]"
6,train,VAT08803Rs,Rev,138,189,"[1490, 509, 1683, 619]","[1490, 509, 1683, 619]"
7,train,P404881,Obv,644,187,"[513, 211, 600, 257]","[513, 211, 600, 257]"
7,train,P404881,Obv,559,190,"[446, 252, 522, 289]","[446, 252, 522, 289]"
7,train,P404881,Obv,3,191,"[489, 352, 600, 386]","[489, 352, 600, 386]"
7,train,P404881,Obv,339,192,"[516, 417, 603, 457]","[516, 417, 603, 457]"
7,train,P404881,Obv,5,184,"[656, 420, 740, 459]","[656, 420, 740, 459]"
8,train,P404881,Rev,483,181,"[637, 1199, 747, 1240]","[637, 1199, 747, 1240]"
8,train,P404881,Rev,496,126,"[489, 1278, 579, 1321]","[489, 1278, 579, 1321]"
60,train,P335605,Obv,71,193,"[467, 160, 622, 225]","[467, 160, 622, 225]"
60,train,P335605,Obv,71,193,"[261, 216, 369, 287]","[261, 216, 369, 287]"
48,train,P336634,Obv,151,194,"[182, 264, 260, 324]","[182, 264, 260, 324]"
48,train,P336634,Obv,494,177,"[212, 231, 289, 265]","[212, 231, 289, 265]"
48,train,P336634,Obv,259,195,"[257, 256, 370, 316]","[257, 256, 370, 316]"
48,train,P336634,Obv,259,195,"[249, 309, 370, 376]","[249, 309, 370, 376]"
48,train,P336634,Obv,6,196,"[122, 31, 228, 91]","[122, 31, 228, 91]"
48,train,P336634,Obv,701,185,"[383, 482, 520, 541]","[383, 482, 520, 541]"
48,train,P336634,Obv,300,197,"[201, 546, 314, 607]","[201, 546, 314, 607]"
56,train,P336608,Obv,258,183,"[544, 225, 605, 277]","[544, 225, 605, 277]"
56,train,P336608,Obv,590,198,"[573, 275, 640, 321]","[573, 275, 640, 321]"
56,train,P336608,Obv,31,199,"[732, 264, 809, 311]","[732, 264, 809, 311]"
56,train,P336608,Obv,136,156,"[475, 320, 549, 369]","[475, 320, 549, 369]"
56,train,P336608,Obv,309,200,"[681, 307, 733, 351]","[681, 307, 733, 351]"
55,train,P336608,Rev,643,201,"[792, 818, 861, 870]","[792, 818, 861, 870]"
55,train,P336608,Rev,115,202,"[663, 894, 734, 950]","[663, 894, 734, 950]"
55,train,P336608,Rev,884,203,"[789, 904, 861, 951]","[789, 904, 861, 951]"
55,train,P336608,Rev,311,204,"[707, 947, 790, 992]","[707, 947, 790, 992]"
30,train,P336663b,Obv,20,205,"[554, 142, 649, 211]","[554, 142, 649, 211]"
30,train,P336663b,Obv,247,206,"[292, 44, 426, 103]","[292, 44, 426, 103]"
49,train,P336614,Rev,130,207,"[713, 1089, 817, 1163]","[713, 1089, 817, 1163]"
38,train,P336655,Obv,20,205,"[416, 450, 535, 516]","[416, 450, 535, 516]"
38,train,P336655,Obv,151,194,"[850, 509, 957, 578]","[850, 509, 957, 578]"
39,train,P336655,Rev,437,165,"[623, 932, 698, 977]","[623, 932, 698, 977]"
39,train,P336655,Rev,65,208,"[663, 969, 796, 1021]","[663, 969, 796, 1021]"
24,train,P336670,Obv,247,206,"[397, 348, 506, 400]","[397, 348, 506, 400]"
24,train,P336670,Obv,643,201,"[526, 154, 621, 200]","[526, 154, 621, 200]"
24,train,P336670,Obv,302,209,"[369, 393, 443, 447]","[369, 393, 443, 447]"
12,train,P393668,Rev,18,210,"[439, 1919, 580, 2030]","[439, 1919, 580, 2030]"
12,train,P393668,Rev,663,211,"[507, 2209, 710, 2315]","[507, 2209, 710, 2315]"
11,train,P393668,Obv,353,212,"[605, 404, 760, 502]","[605, 404, 760, 502]"
11,train,P393668,Obv,353,212,"[718, 687, 910, 784]","[718, 687, 910, 784]"
11,train,P393668,Obv,119,213,"[735, 580, 946, 680]","[735, 580, 946, 680]"
11,train,P393668,Obv,612,105,"[544, 883, 641, 995]","[544, 883, 641, 995]"
11,train,P393668,Obv,309,200,"[881, 902, 983, 994]","[881, 902, 983, 994]"
66,train,P334357,Obv,18,210,"[368, 165, 420, 206]","[368, 165, 420, 206]"
66,train,P334357,Obv,744,214,"[400, 200, 484, 240]","[400, 200, 484, 240]"
66,train,P334357,Obv,222,215,"[408, 273, 458, 315]","[408, 273, 458, 315]"
66,train,P334357,Obv,663,211,"[443, 309, 518, 352]","[443, 309, 518, 352]"
73,train,P334311,Rev,720,216,"[674, 2149, 734, 2197]","[674, 2149, 734, 2197]"
73,train,P334311,Rev,556,217,"[980, 2212, 1060, 2250]","[980, 2212, 1060, 2250]"
73,train,P334311,Rev,833,127,"[668, 2560, 805, 2618]","[668, 2560, 805, 2618]"
72,train,P334311,Obv,535,143,"[786, 547, 891, 596]","[786, 547, 891, 596]"
72,train,P334311,Obv,628,218,"[978, 637, 1022, 688]","[978, 637, 1022, 688]"
72,train,P334311,Obv,720,216,"[931, 821, 1002, 875]","[931, 821, 1002, 875]"
72,train,P334311,Obv,576,219,"[848, 1190, 894, 1240]","[848, 1190, 894, 1240]"
44,train,P336643,Obv,180,101,"[618, 553, 683, 603]","[618, 553, 683, 603]"
84,train,K01057,Obv,861,220,"[1618, 367, 1694, 430]","[1618, 367, 1694, 430]"
84,train,K01057,Obv,254,222,"[1299, 708, 1419, 783]","[1299, 708, 1419, 783]"
84,train,K01057,Obv,544,223,"[1421, 544, 1519, 628]","[1421, 544, 1519, 628]"
84,train,K01057,Obv,887,151,"[1308, 547, 1432, 626]","[1308, 547, 1432, 626]"
84,train,K01057,Obv,11,221,"[1160, 565, 1248, 644]","[1160, 565, 1248, 644]"
80,train,P314346,Obv,861,220,"[417, 415, 469, 472]","[417, 415, 469, 472]"
80,train,P314346,Obv,117,224,"[386, 244, 445, 300]","[386, 244, 445, 300]"
80,train,P314346,Obv,540,225,"[438, 192, 528, 243]","[438, 192, 528, 243]"
80,train,P314346,Obv,540,225,"[551, 452, 630, 511]","[551, 452, 630, 511]"
80,train,P314346,Obv,11,221,"[432, 518, 500, 575]","[432, 518, 500, 575]"
59,train,P335608,Obv,570,226,"[1683, 503, 1778, 558]","[1683, 503, 1778, 558]"
59,train,P335608,Obv,693,227,"[2053, 479, 2138, 540]","[2053, 479, 2138, 540]"
59,train,P335608,Obv,90,228,"[2427, 822, 2540, 885]","[2427, 822, 2540, 885]"
59,train,P335608,Obv,90,228,"[2500, 876, 2594, 945]","[2500, 876, 2594, 945]"
59,train,P335608,Obv,261,160,"[1881, 975, 1967, 1026]","[1881, 975, 1967, 1026]"
59,train,P335608,Obv,275,229,"[1515, 1648, 1637, 1705]","[1515, 1648, 1637, 1705]"
59,train,P335608,Obv,275,229,"[1527, 1805, 1647, 1860]","[1527, 1805, 1647, 1860]"
59,train,P335608,Obv,685,230,"[2227, 2172, 2318, 2237]","[2227, 2172, 2318, 2237]"
4,train,VAT10601,,544,223,"[1568, 2240, 1964, 2480]","[1568, 2240, 1964, 2480]"
3,train,VAT10657,,558,179,"[2598, 570, 2944, 790]","[2598, 570, 2944, 790]"
3,train,VAT10657,,339,192,"[2670, 732, 3198, 944]","[2670, 732, 3198, 944]"
3,train,VAT10657,,167,231,"[2718, 894, 3116, 1086]","[2718, 894, 3116, 1086]"
3,train,VAT10657,,246,232,"[1480, 1304, 1750, 1506]","[1480, 1304, 1750, 1506]"
3,train,VAT10657,,301,233,"[1766, 1814, 2162, 2028]","[1766, 1814, 2162, 2028]"
3,train,VAT10657,,583,234,"[1878, 1996, 2252, 2220]","[1878, 1996, 2252, 2220]"
2,train,VAT11100Rs,Rev,556,217,"[1847, 2365, 2052, 2491]","[1847, 2365, 2052, 2491]"
