segm_idx,tablet_CDLI,view_desc,collection,mzl_label,train_label,bbox,relative_bbox
2061,P334894,Obv,saa05,839,11,"[805, 1979, 871, 2055]","[165, 60, 231, 136]"
2061,P334894,Obv,saa05,110,4,"[860, 1988, 981, 2049]","[220, 69, 341, 130]"
2061,P334894,Obv,saa05,18,210,"[811, 2056, 948, 2133]","[171, 137, 308, 214]"
2061,P334894,Obv,saa05,24,58,"[927, 2059, 1046, 2131]","[287, 140, 406, 212]"
2061,P334894,Obv,saa05,812,82,"[804, 2136, 908, 2220]","[164, 217, 268, 301]"
2061,P334894,Obv,saa05,661,16,"[878, 2147, 924, 2200]","[238, 228, 284, 281]"
2061,P334894,Obv,saa05,736,77,"[917, 2129, 1047, 2206]","[277, 210, 407, 287]"
2061,P334894,Obv,saa05,266,119,"[896, 2215, 1047, 2303]","[256, 296, 407, 384]"
2061,P334894,Obv,saa05,839,11,"[802, 2302, 878, 2379]","[162, 383, 238, 460]"
2061,P334894,Obv,saa05,248,5,"[851, 2306, 962, 2382]","[211, 387, 322, 463]"
2061,P334894,Obv,saa05,839,11,"[953, 2302, 1025, 2380]","[313, 383, 385, 461]"
2061,P334894,Obv,saa05,753,81,"[1028, 2297, 1133, 2383]","[388, 378, 493, 464]"
2061,P334894,Obv,saa05,252,80,"[1128, 2322, 1229, 2375]","[488, 403, 589, 456]"
2061,P334894,Obv,saa05,566,148,"[803, 2214, 918, 2298]","[163, 295, 278, 379]"
2061,P334894,Obv,saa05,110,4,"[1004, 2382, 1095, 2471]","[364, 463, 455, 552]"
2061,P334894,Obv,saa05,839,11,"[1099, 2395, 1149, 2460]","[459, 476, 509, 541]"
2061,P334894,Obv,saa05,839,11,"[1151, 2395, 1206, 2463]","[511, 476, 566, 544]"
2061,P334894,Obv,saa05,708,173,"[949, 2375, 1012, 2450]","[309, 456, 372, 531]"
2061,P334894,Obv,saa05,578,98,"[894, 2373, 956, 2464]","[254, 454, 316, 545]"
2061,P334894,Obv,saa05,566,148,"[799, 2370, 911, 2463]","[159, 451, 271, 544]"
2061,P334894,Obv,saa05,1,2,"[802, 2478, 873, 2534]","[162, 559, 233, 615]"
2061,P334894,Obv,saa05,248,5,"[875, 2470, 990, 2541]","[235, 551, 350, 622]"
2061,P334894,Obv,saa05,132,90,"[976, 2473, 1070, 2541]","[336, 554, 430, 622]"
2061,P334894,Obv,saa05,753,81,"[1063, 2462, 1150, 2533]","[423, 543, 510, 614]"
2061,P334894,Obv,saa05,252,80,"[1149, 2478, 1252, 2544]","[509, 559, 612, 625]"
2061,P334894,Obv,saa05,754,56,"[1035, 2544, 1162, 2623]","[395, 625, 522, 704]"
2061,P334894,Obv,saa05,869,10,"[1161, 2553, 1238, 2621]","[521, 634, 598, 702]"
2061,P334894,Obv,saa05,812,82,"[790, 2542, 903, 2636]","[150, 623, 263, 717]"
2061,P334894,Obv,saa05,696,337,"[877, 2545, 1043, 2630]","[237, 626, 403, 711]"
2061,P334894,Obv,saa05,252,80,"[798, 2646, 911, 2706]","[158, 727, 271, 787]"
2061,P334894,Obv,saa05,16,73,"[905, 2632, 1054, 2703]","[265, 713, 414, 784]"
2061,P334894,Obv,saa05,132,90,"[1034, 2637, 1130, 2709]","[394, 718, 490, 790]"
2061,P334894,Obv,saa05,1,2,"[792, 2732, 866, 2774]","[152, 813, 226, 855]"
2061,P334894,Obv,saa05,663,211,"[862, 2698, 1034, 2798]","[222, 779, 394, 879]"
2061,P334894,Obv,saa05,631,94,"[1001, 2701, 1073, 2792]","[361, 782, 433, 873]"
2061,P334894,Obv,saa05,869,10,"[1062, 2715, 1122, 2783]","[422, 796, 482, 864]"
2061,P334894,Obv,saa05,839,11,"[1117, 2722, 1161, 2777]","[477, 803, 521, 858]"
2061,P334894,Obv,saa05,110,4,"[1169, 2708, 1263, 2784]","[529, 789, 623, 865]"
2061,P334894,Obv,saa05,514,15,"[783, 2788, 897, 2883]","[143, 869, 257, 964]"
2061,P334894,Obv,saa05,839,11,"[878, 2806, 922, 2882]","[238, 887, 282, 963]"
2061,P334894,Obv,saa05,753,81,"[925, 2804, 982, 2876]","[285, 885, 342, 957]"
2061,P334894,Obv,saa05,142,76,"[980, 2799, 1102, 2872]","[340, 880, 462, 953]"
2061,P334894,Obv,saa05,754,56,"[1097, 2794, 1191, 2874]","[457, 875, 551, 955]"
2061,P334894,Obv,saa05,248,5,"[794, 2886, 919, 2961]","[154, 967, 279, 1042]"
2061,P334894,Obv,saa05,71,193,"[913, 2891, 1026, 2963]","[273, 972, 386, 1044]"
2061,P334894,Obv,saa05,120,49,"[1006, 2874, 1104, 2961]","[366, 955, 464, 1042]"
2061,P334894,Obv,saa05,736,77,"[789, 2963, 919, 3047]","[149, 1044, 279, 1128]"
2061,P334894,Obv,saa05,98,41,"[908, 2964, 1001, 3047]","[268, 1045, 361, 1128]"
1312,P334865,Rev,saa05,514,15,"[415, 1103, 467, 1148]","[50, 83, 102, 128]"
1312,P334865,Rev,saa05,553,35,"[466, 1091, 516, 1135]","[101, 71, 151, 115]"
1312,P334865,Rev,saa05,754,56,"[513, 1088, 563, 1133]","[148, 68, 198, 113]"
1312,P334865,Rev,saa05,1,2,"[561, 1092, 591, 1125]","[196, 72, 226, 105]"
1312,P334865,Rev,saa05,464,113,"[591, 1082, 634, 1127]","[226, 62, 269, 107]"
1312,P334865,Rev,saa05,252,80,"[410, 1153, 453, 1201]","[45, 133, 88, 181]"
1312,P334865,Rev,saa05,561,65,"[453, 1144, 508, 1189]","[88, 124, 143, 169]"
1312,P334865,Rev,saa05,682,168,"[506, 1133, 597, 1181]","[141, 113, 232, 161]"
1312,P334865,Rev,saa05,1,2,"[599, 1134, 622, 1164]","[234, 114, 257, 144]"
1312,P334865,Rev,saa05,20,205,"[616, 1124, 662, 1169]","[251, 104, 297, 149]"
1312,P334865,Rev,saa05,266,119,"[404, 1198, 471, 1245]","[39, 178, 106, 225]"
1312,P334865,Rev,saa05,113,31,"[463, 1185, 504, 1232]","[98, 165, 139, 212]"
1312,P334865,Rev,saa05,380,62,"[499, 1183, 562, 1226]","[134, 163, 197, 206]"
1312,P334865,Rev,saa05,1,2,"[558, 1184, 597, 1216]","[193, 164, 232, 196]"
1312,P334865,Rev,saa05,464,113,"[592, 1174, 648, 1217]","[227, 154, 283, 197]"
1312,P334865,Rev,saa05,380,62,"[646, 1172, 698, 1213]","[281, 152, 333, 193]"
1312,P334865,Rev,saa05,672,122,"[399, 1248, 445, 1295]","[34, 228, 80, 275]"
1312,P334865,Rev,saa05,812,82,"[577, 1218, 641, 1264]","[212, 198, 276, 244]"
1312,P334865,Rev,saa05,839,11,"[637, 1223, 671, 1263]","[272, 203, 306, 243]"
1312,P334865,Rev,saa05,110,4,"[662, 1224, 710, 1262]","[297, 204, 345, 242]"
1312,P334865,Rev,saa05,812,82,"[397, 1299, 441, 1345]","[32, 279, 76, 325]"
1312,P334865,Rev,saa05,661,16,"[437, 1289, 463, 1332]","[72, 269, 98, 312]"
1312,P334865,Rev,saa05,724,79,"[551, 1270, 600, 1318]","[186, 250, 235, 298]"
1312,P334865,Rev,saa05,566,148,"[457, 1284, 505, 1330]","[92, 264, 140, 310]"
1312,P334865,Rev,saa05,736,77,"[598, 1269, 655, 1313]","[233, 249, 290, 293]"
1312,P334865,Rev,saa05,89,108,"[653, 1270, 708, 1308]","[288, 250, 343, 288]"
1312,P334865,Rev,saa05,552,13,"[434, 1346, 467, 1392]","[69, 326, 102, 372]"
1312,P334865,Rev,saa05,292,132,"[399, 1346, 438, 1400]","[34, 326, 73, 380]"
1312,P334865,Rev,saa05,266,119,"[460, 1336, 524, 1388]","[95, 316, 159, 368]"
1312,P334865,Rev,saa05,113,31,"[523, 1330, 569, 1372]","[158, 310, 204, 352]"
1312,P334865,Rev,saa05,380,62,"[563, 1323, 617, 1372]","[198, 303, 252, 352]"
1312,P334865,Rev,saa05,252,80,"[614, 1320, 665, 1364]","[249, 300, 300, 344]"
1312,P334865,Rev,saa05,298,52,"[664, 1324, 715, 1361]","[299, 304, 350, 341]"
1312,P334865,Rev,saa05,552,13,"[398, 1402, 438, 1453]","[33, 382, 73, 433]"
1312,P334865,Rev,saa05,839,11,"[434, 1393, 468, 1448]","[69, 373, 103, 428]"
1312,P334865,Rev,saa05,85,23,"[557, 1373, 636, 1418]","[192, 353, 271, 398]"
1312,P334865,Rev,saa05,808,38,"[629, 1362, 699, 1416]","[264, 342, 334, 396]"
1312,P334865,Rev,saa05,544,223,"[471, 1383, 553, 1438]","[106, 363, 188, 418]"
1312,P334865,Rev,saa05,661,16,"[389, 1449, 425, 1506]","[24, 429, 60, 486]"
1312,P334865,Rev,saa05,71,193,"[416, 1443, 474, 1503]","[51, 423, 109, 483]"
1312,P334865,Rev,saa05,599,27,"[472, 1439, 529, 1491]","[107, 419, 164, 471]"
1312,P334865,Rev,saa05,71,193,"[525, 1425, 604, 1476]","[160, 405, 239, 456]"
1312,P334865,Rev,saa05,839,11,"[613, 1419, 661, 1466]","[248, 399, 296, 446]"
1312,P334865,Rev,saa05,839,11,"[664, 1417, 698, 1465]","[299, 397, 333, 445]"
1312,P334865,Rev,saa05,861,220,"[394, 1498, 427, 1558]","[29, 478, 62, 538]"
1312,P334865,Rev,saa05,71,193,"[462, 1484, 531, 1533]","[97, 464, 166, 513]"
1312,P334865,Rev,saa05,496,126,"[533, 1474, 609, 1522]","[168, 454, 244, 502]"
1312,P334865,Rev,saa05,856,111,"[606, 1468, 659, 1519]","[241, 448, 294, 499]"
1312,P334865,Rev,saa05,839,11,"[660, 1462, 696, 1515]","[295, 442, 331, 495]"
1312,P334865,Rev,saa05,1,2,"[393, 1560, 426, 1593]","[28, 540, 61, 573]"
1312,P334865,Rev,saa05,464,113,"[421, 1547, 462, 1594]","[56, 527, 97, 574]"
1312,P334865,Rev,saa05,10,26,"[459, 1538, 510, 1585]","[94, 518, 145, 565]"
1312,P334865,Rev,saa05,10,26,"[505, 1529, 551, 1582]","[140, 509, 186, 562]"
1312,P334865,Rev,saa05,497,312,"[549, 1520, 627, 1571]","[184, 500, 262, 551]"
1312,P334865,Rev,saa05,10,26,"[630, 1517, 677, 1570]","[265, 497, 312, 550]"
1312,P334865,Rev,saa05,812,82,"[390, 1596, 442, 1648]","[25, 576, 77, 628]"
1312,P334865,Rev,saa05,661,16,"[436, 1591, 462, 1645]","[71, 571, 97, 625]"
1312,P334865,Rev,saa05,567,96,"[456, 1588, 506, 1640]","[91, 568, 141, 620]"
1312,P334865,Rev,saa05,112,17,"[505, 1586, 551, 1624]","[140, 566, 186, 604]"
1312,P334865,Rev,saa05,127,20,"[502, 1276, 563, 1320]","[137, 256, 198, 300]"
2057,P334894,Rev,saa05,252,80,"[936, 295, 1032, 368]","[224, 234, 320, 307]"
2057,P334894,Rev,saa05,495,3,"[811, 303, 934, 383]","[99, 242, 222, 322]"
2057,P334894,Rev,saa05,14,24,"[1027, 273, 1142, 349]","[315, 212, 430, 288]"
2057,P334894,Rev,saa05,548,57,"[1140, 271, 1196, 351]","[428, 210, 484, 290]"
2057,P334894,Rev,saa05,248,5,"[819, 384, 931, 456]","[107, 323, 219, 395]"
2057,P334894,Rev,saa05,663,211,"[921, 369, 1050, 454]","[209, 308, 338, 393]"
2057,P334894,Rev,saa05,748,14,"[1049, 365, 1107, 436]","[337, 304, 395, 375]"
2057,P334894,Rev,saa05,552,13,"[817, 550, 895, 628]","[105, 489, 183, 567]"
2057,P334894,Rev,saa05,839,11,"[895, 546, 955, 628]","[183, 485, 243, 567]"
2057,P334894,Rev,saa05,839,11,"[959, 539, 1023, 616]","[247, 478, 311, 555]"
2057,P334894,Rev,saa05,1,2,"[837, 646, 935, 693]","[125, 585, 223, 632]"
2057,P334894,Rev,saa05,136,156,"[853, 948, 986, 1036]","[141, 887, 274, 975]"
2057,P334894,Rev,saa05,815,164,"[977, 946, 1084, 1036]","[265, 885, 372, 975]"
2057,P334894,Rev,saa05,252,80,"[854, 1041, 987, 1107]","[142, 980, 275, 1046]"
2057,P334894,Rev,saa05,748,14,"[838, 1104, 898, 1178]","[126, 1043, 186, 1117]"
1602,P334839,Obv,saa05,839,11,"[740, 432, 779, 469]","[177, 118, 216, 155]"
1602,P334839,Obv,saa05,98,41,"[687, 435, 743, 477]","[124, 121, 180, 163]"
1602,P334839,Obv,saa05,313,46,"[704, 470, 828, 520]","[141, 156, 265, 206]"
1602,P334839,Obv,saa05,578,98,"[626, 528, 664, 582]","[63, 214, 101, 268]"
1602,P334839,Obv,saa05,574,327,"[661, 515, 734, 586]","[98, 201, 171, 272]"
1602,P334839,Obv,saa05,839,11,"[729, 518, 770, 569]","[166, 204, 207, 255]"
1602,P334839,Obv,saa05,839,11,"[764, 512, 810, 572]","[201, 198, 247, 258]"
1602,P334839,Obv,saa05,358,21,"[659, 628, 722, 685]","[96, 314, 159, 371]"
1602,P334839,Obv,saa05,71,193,"[724, 617, 817, 675]","[161, 303, 254, 361]"
1602,P334839,Obv,saa05,248,5,"[633, 576, 716, 630]","[70, 262, 153, 316]"
1602,P334839,Obv,saa05,812,82,"[582, 699, 631, 762]","[19, 385, 68, 448]"
1602,P334839,Obv,saa05,380,62,"[627, 688, 705, 745]","[64, 374, 142, 431]"
1602,P334839,Obv,saa05,815,164,"[698, 679, 775, 745]","[135, 365, 212, 431]"
1602,P334839,Obv,saa05,839,11,"[769, 665, 826, 731]","[206, 351, 263, 417]"
1602,P334839,Obv,saa05,464,113,"[649, 740, 715, 792]","[86, 426, 152, 478]"
1602,P334839,Obv,saa05,724,79,"[804, 722, 861, 777]","[241, 408, 298, 463]"
1602,P334839,Obv,saa05,132,90,"[617, 798, 679, 854]","[54, 484, 116, 540]"
1602,P334839,Obv,saa05,24,58,"[721, 780, 822, 835]","[158, 466, 259, 521]"
1602,P334839,Obv,saa05,839,11,"[815, 773, 859, 829]","[252, 459, 296, 515]"
1602,P334839,Obv,saa05,380,62,"[665, 848, 724, 895]","[102, 534, 161, 581]"
1602,P334839,Obv,saa05,869,10,"[711, 836, 760, 897]","[148, 522, 197, 583]"
1602,P334839,Obv,saa05,552,13,"[755, 832, 813, 885]","[192, 518, 250, 571]"
1602,P334839,Obv,saa05,839,11,"[806, 821, 857, 879]","[243, 507, 294, 565]"
1602,P334839,Obv,saa05,248,5,"[757, 876, 850, 936]","[194, 562, 287, 622]"
614,P334831,Obv,saa05,812,82,"[482, 1066, 536, 1128]","[130, 96, 184, 158]"
614,P334831,Obv,saa05,754,56,"[528, 1069, 578, 1119]","[176, 99, 226, 149]"
614,P334831,Obv,saa05,559,190,"[505, 1114, 571, 1162]","[153, 144, 219, 192]"
614,P334831,Obv,saa05,839,11,"[573, 1111, 613, 1163]","[221, 141, 261, 193]"
614,P334831,Obv,saa05,839,11,"[486, 1163, 519, 1209]","[134, 193, 167, 239]"
614,P334831,Obv,saa05,812,82,"[519, 1161, 570, 1209]","[167, 191, 218, 239]"
614,P334831,Obv,saa05,754,56,"[566, 1163, 608, 1209]","[214, 193, 256, 239]"
614,P334831,Obv,saa05,248,5,"[431, 1163, 487, 1210]","[79, 193, 135, 240]"
614,P334831,Obv,saa05,24,58,"[419, 1199, 502, 1256]","[67, 229, 150, 286]"
614,P334831,Obv,saa05,89,108,"[496, 1204, 567, 1256]","[144, 234, 215, 286]"
614,P334831,Obv,saa05,266,119,"[600, 1197, 666, 1249]","[248, 227, 314, 279]"
614,P334831,Obv,saa05,113,31,"[662, 1203, 701, 1239]","[310, 233, 349, 269]"
614,P334831,Obv,saa05,754,56,"[404, 1253, 447, 1307]","[52, 283, 95, 337]"
614,P334831,Obv,saa05,839,11,"[443, 1257, 482, 1307]","[91, 287, 130, 337]"
614,P334831,Obv,saa05,110,4,"[474, 1254, 530, 1303]","[122, 284, 178, 333]"
614,P334831,Obv,saa05,10,26,"[515, 1247, 558, 1303]","[163, 277, 206, 333]"
614,P334831,Obv,saa05,754,56,"[552, 1248, 592, 1299]","[200, 278, 240, 329]"
614,P334831,Obv,saa05,380,62,"[585, 1243, 635, 1297]","[233, 273, 283, 327]"
614,P334831,Obv,saa05,567,96,"[621, 1244, 666, 1295]","[269, 274, 314, 325]"
614,P334831,Obv,saa05,136,156,"[655, 1242, 709, 1290]","[303, 272, 357, 320]"
614,P334831,Obv,saa05,292,132,"[376, 1302, 410, 1356]","[24, 332, 58, 386]"
614,P334831,Obv,saa05,552,13,"[405, 1301, 458, 1357]","[53, 331, 106, 387]"
614,P334831,Obv,saa05,1,2,"[441, 1317, 470, 1346]","[89, 347, 118, 376]"
614,P334831,Obv,saa05,663,211,"[459, 1297, 541, 1350]","[107, 327, 189, 380]"
614,P334831,Obv,saa05,631,94,"[529, 1288, 570, 1343]","[177, 318, 218, 373]"
614,P334831,Obv,saa05,89,108,"[565, 1291, 627, 1346]","[213, 321, 275, 376]"
614,P334831,Obv,saa05,490,30,"[617, 1293, 673, 1337]","[265, 323, 321, 367]"
614,P334831,Obv,saa05,511,42,"[666, 1292, 717, 1339]","[314, 322, 365, 369]"
614,P334831,Obv,saa05,635,103,"[408, 1343, 484, 1406]","[56, 373, 132, 436]"
614,P334831,Obv,saa05,567,96,"[467, 1341, 538, 1395]","[115, 371, 186, 425]"
614,P334831,Obv,saa05,112,17,"[516, 1338, 570, 1391]","[164, 368, 218, 421]"
614,P334831,Obv,saa05,661,16,"[556, 1337, 591, 1394]","[204, 367, 239, 424]"
614,P334831,Obv,saa05,839,11,"[587, 1333, 634, 1393]","[235, 363, 282, 423]"
614,P334831,Obv,saa05,496,126,"[628, 1334, 692, 1384]","[276, 364, 340, 414]"
614,P334831,Obv,saa05,89,108,"[690, 1326, 745, 1378]","[338, 356, 393, 408]"
614,P334831,Obv,saa05,10,26,"[386, 1399, 433, 1442]","[34, 429, 81, 472]"
614,P334831,Obv,saa05,464,113,"[424, 1396, 471, 1446]","[72, 426, 119, 476]"
614,P334831,Obv,saa05,117,224,"[458, 1389, 507, 1444]","[106, 419, 155, 474]"
614,P334831,Obv,saa05,1,2,"[500, 1392, 537, 1434]","[148, 422, 185, 464]"
614,P334831,Obv,saa05,1,2,"[530, 1397, 555, 1427]","[178, 427, 203, 457]"
614,P334831,Obv,saa05,464,113,"[545, 1386, 587, 1441]","[193, 416, 235, 471]"
614,P334831,Obv,saa05,380,62,"[577, 1385, 622, 1433]","[225, 415, 270, 463]"
614,P334831,Obv,saa05,260,84,"[615, 1381, 705, 1432]","[263, 411, 353, 462]"
614,P334831,Obv,saa05,118,83,"[405, 1439, 461, 1492]","[53, 469, 109, 522]"
614,P334831,Obv,saa05,252,80,"[377, 1442, 418, 1485]","[25, 472, 66, 515]"
614,P334831,Obv,saa05,560,121,"[455, 1437, 531, 1491]","[103, 467, 179, 521]"
614,P334831,Obv,saa05,140,110,"[517, 1430, 582, 1486]","[165, 460, 230, 516]"
614,P334831,Obv,saa05,552,13,"[577, 1427, 619, 1483]","[225, 457, 267, 513]"
614,P334831,Obv,saa05,839,11,"[616, 1429, 648, 1478]","[264, 459, 296, 508]"
614,P334831,Obv,saa05,748,14,"[639, 1428, 670, 1477]","[287, 458, 318, 507]"
614,P334831,Obv,saa05,566,148,"[665, 1421, 705, 1473]","[313, 451, 353, 503]"
614,P334831,Obv,saa05,754,56,"[413, 1488, 469, 1536]","[61, 518, 117, 566]"
614,P334831,Obv,saa05,296,287,"[467, 1485, 534, 1530]","[115, 515, 182, 560]"
614,P334831,Obv,saa05,248,5,"[528, 1481, 605, 1528]","[176, 511, 253, 558]"
614,P334831,Obv,saa05,724,79,"[597, 1474, 667, 1522]","[245, 504, 315, 552]"
614,P334831,Obv,saa05,736,77,"[661, 1470, 743, 1514]","[309, 500, 391, 544]"
614,P334831,Obv,saa05,839,11,"[409, 1532, 437, 1585]","[57, 562, 85, 615]"
614,P334831,Obv,saa05,748,14,"[432, 1530, 463, 1584]","[80, 560, 111, 614]"
614,P334831,Obv,saa05,724,79,"[448, 1529, 524, 1577]","[96, 559, 172, 607]"
614,P334831,Obv,saa05,834,54,"[490, 1532, 520, 1574]","[138, 562, 168, 604]"
614,P334831,Obv,saa05,753,81,"[515, 1526, 554, 1577]","[163, 556, 202, 607]"
614,P334831,Obv,saa05,812,82,"[548, 1523, 596, 1571]","[196, 553, 244, 601]"
614,P334831,Obv,saa05,754,56,"[589, 1520, 641, 1569]","[237, 550, 289, 599]"
614,P334831,Obv,saa05,884,203,"[650, 1513, 712, 1559]","[298, 543, 360, 589]"
1310,P334865,Obv,saa05,663,211,"[387, 212, 452, 255]","[36, 142, 101, 185]"
1310,P334865,Obv,saa05,514,15,"[446, 208, 510, 248]","[95, 138, 159, 178]"
1310,P334865,Obv,saa05,71,193,"[463, 250, 519, 295]","[112, 180, 168, 225]"
1310,P334865,Obv,saa05,839,11,"[515, 249, 539, 292]","[164, 179, 188, 222]"
1310,P334865,Obv,saa05,736,77,"[539, 247, 585, 284]","[188, 177, 234, 214]"
1310,P334865,Obv,saa05,71,193,"[387, 302, 438, 348]","[36, 232, 87, 278]"
1310,P334865,Obv,saa05,248,5,"[439, 292, 498, 340]","[88, 222, 147, 270]"
1310,P334865,Obv,saa05,297,115,"[499, 288, 583, 337]","[148, 218, 232, 267]"
1310,P334865,Obv,saa05,113,31,"[436, 342, 475, 382]","[85, 272, 124, 312]"
1310,P334865,Obv,saa05,380,62,"[471, 339, 540, 384]","[120, 269, 189, 314]"
1310,P334865,Obv,saa05,552,13,"[381, 397, 418, 440]","[30, 327, 67, 370]"
1310,P334865,Obv,saa05,839,11,"[416, 388, 441, 442]","[65, 318, 90, 372]"
1310,P334865,Obv,saa05,298,52,"[439, 383, 488, 431]","[88, 313, 137, 361]"
1310,P334865,Obv,saa05,358,21,"[486, 379, 529, 421]","[135, 309, 178, 351]"
1310,P334865,Obv,saa05,869,10,"[527, 372, 562, 422]","[176, 302, 211, 352]"
1310,P334865,Obv,saa05,112,17,"[555, 370, 603, 415]","[204, 300, 252, 345]"
1310,P334865,Obv,saa05,85,23,"[444, 430, 500, 474]","[93, 360, 149, 404]"
1310,P334865,Obv,saa05,808,38,"[500, 418, 559, 471]","[149, 348, 208, 401]"
1310,P334865,Obv,saa05,544,223,"[383, 434, 448, 483]","[32, 364, 97, 413]"
1310,P334865,Obv,saa05,566,148,"[388, 487, 434, 532]","[37, 417, 83, 462]"
1310,P334865,Obv,saa05,514,15,"[434, 485, 484, 530]","[83, 415, 133, 460]"
1310,P334865,Obv,saa05,553,35,"[480, 474, 533, 525]","[129, 404, 182, 455]"
1310,P334865,Obv,saa05,754,56,"[527, 469, 568, 519]","[176, 399, 217, 449]"
1310,P334865,Obv,saa05,737,100,"[569, 472, 624, 517]","[218, 402, 273, 447]"
1310,P334865,Obv,saa05,580,87,"[431, 527, 497, 569]","[80, 457, 146, 499]"
1310,P334865,Obv,saa05,540,225,"[383, 531, 435, 572]","[32, 461, 84, 502]"
1310,P334865,Obv,saa05,266,119,"[492, 522, 564, 571]","[141, 452, 213, 501]"
1310,P334865,Obv,saa05,113,31,"[562, 526, 609, 559]","[211, 456, 258, 489]"
1310,P334865,Obv,saa05,552,13,"[386, 580, 423, 626]","[35, 510, 72, 556]"
1310,P334865,Obv,saa05,839,11,"[420, 578, 450, 627]","[69, 508, 99, 557]"
1310,P334865,Obv,saa05,10,26,"[447, 575, 498, 626]","[96, 505, 147, 556]"
1310,P334865,Obv,saa05,693,227,"[492, 571, 568, 619]","[141, 501, 217, 549]"
1310,P334865,Obv,saa05,10,26,"[567, 575, 627, 618]","[216, 505, 276, 548]"
1310,P334865,Obv,saa05,726,144,"[382, 622, 460, 674]","[31, 552, 109, 604]"
1310,P334865,Obv,saa05,631,94,"[453, 626, 486, 672]","[102, 556, 135, 602]"
1310,P334865,Obv,saa05,357,134,"[481, 615, 548, 663]","[130, 545, 197, 593]"
1310,P334865,Obv,saa05,136,156,"[597, 603, 663, 654]","[246, 533, 312, 584]"
1310,P334865,Obv,saa05,839,11,"[386, 671, 418, 727]","[35, 601, 67, 657]"
1310,P334865,Obv,saa05,350,25,"[413, 672, 473, 713]","[62, 602, 122, 643]"
1310,P334865,Obv,saa05,839,11,"[474, 672, 503, 723]","[123, 602, 152, 653]"
1310,P334865,Obv,saa05,754,56,"[500, 665, 552, 721]","[149, 595, 201, 651]"
1310,P334865,Obv,saa05,1,2,"[550, 674, 590, 701]","[199, 604, 239, 631]"
1310,P334865,Obv,saa05,599,27,"[425, 251, 466, 298]","[74, 181, 115, 228]"
363,P334921,Obv,saa05,9,40,"[743, 347, 805, 394]","[105.0, 298.0, 167.0, 345.0]"
363,P334921,Obv,saa05,18,210,"[702, 177, 777, 233]","[64.0, 128.0, 139.0, 184.0]"
363,P334921,Obv,saa05,498,19,"[684, 347, 754, 393]","[46.0, 298.0, 116, 344]"
363,P334921,Obv,saa05,596,39,"[900, 345, 958, 407]","[262.0, 296.0, 320, 358]"
363,P334921,Obv,saa05,839,11,"[889, 231, 936, 296]","[251.0, 182.0, 298.0, 247.0]"
363,P334921,Obv,saa05,578,98,"[716, 456, 754, 505]","[78.0, 407.0, 116, 456]"
363,P334921,Obv,saa05,302,209,"[803, 460, 868, 520]","[165.0, 411.0, 230, 471]"
363,P334921,Obv,saa05,14,24,"[801, 336, 893, 402]","[163.0, 287.0, 255.0, 353.0]"
363,P334921,Obv,saa05,98,41,"[812, 235, 891, 288]","[174.0, 186.0, 253.0, 239.0]"
363,P334921,Obv,saa05,254,222,"[769, 286, 827, 337]","[131.0, 237.0, 189, 288]"
363,P334921,Obv,saa05,24,58,"[769, 174, 874, 234]","[131.0, 125.0, 236.0, 185.0]"
363,P334921,Obv,saa05,736,77,"[745, 229, 823, 285]","[107.0, 180.0, 185.0, 236.0]"
363,P334921,Obv,saa05,737,100,"[850, 471, 917, 526]","[212.0, 422.0, 279, 477]"
363,P334921,Obv,saa05,711,86,"[724, 284, 780, 341]","[86.0, 235.0, 142.0, 292.0]"
363,P334921,Obv,saa05,836,147,"[689, 233, 754, 290]","[51.0, 184.0, 116.0, 241.0]"
363,P334921,Obv,saa05,132,90,"[710, 402, 778, 450]","[72.0, 353.0, 140, 401]"
363,P334921,Obv,saa05,20,205,"[881, 301, 959, 349]","[243.0, 252.0, 321, 300]"
363,P334921,Obv,saa05,24,58,"[811, 412, 904, 460]","[173.0, 363.0, 266, 411]"
363,P334921,Obv,saa05,596,39,"[689, 282, 742, 342]","[51, 233, 104, 293]"
363,P334921,Obv,saa05,566,148,"[820, 287, 905, 345]","[182, 238, 267, 296]"
363,P334921,Obv,saa05,748,14,"[956, 361, 984, 404]","[318, 312, 346, 355]"
363,P334921,Obv,saa05,578,98,"[683, 396, 720, 453]","[45, 347, 82, 404]"
363,P334921,Obv,saa05,302,209,"[763, 399, 824, 462]","[125, 350, 186, 413]"
363,P334921,Obv,saa05,839,11,"[899, 415, 936, 463]","[261, 366, 298, 414]"
363,P334921,Obv,saa05,839,11,"[934, 413, 967, 460]","[296, 364, 329, 411]"
363,P334921,Obv,saa05,132,90,"[750, 467, 841, 518]","[112, 418, 203, 469]"
1471,P334848,Obv,saa05,252,80,"[955, 441, 1015, 503]","[42, 133, 102, 195]"
1471,P334848,Obv,saa05,856,111,"[1007, 412, 1095, 496]","[94, 104, 182, 188]"
1471,P334848,Obv,saa05,142,76,"[1086, 400, 1191, 478]","[173, 92, 278, 170]"
1471,P334848,Obv,saa05,71,193,"[1194, 388, 1306, 462]","[281, 80, 393, 154]"
1471,P334848,Obv,saa05,567,96,"[1316, 387, 1369, 440]","[403, 79, 456, 132]"
1471,P334848,Obv,saa05,252,80,"[959, 521, 1023, 576]","[46, 213, 110, 268]"
1471,P334848,Obv,saa05,851,68,"[1012, 499, 1065, 579]","[99, 191, 152, 271]"
1471,P334848,Obv,saa05,14,24,"[1061, 473, 1161, 563]","[148, 165, 248, 255]"
1471,P334848,Obv,saa05,248,5,"[1157, 463, 1249, 546]","[244, 155, 336, 238]"
1471,P334848,Obv,saa05,514,15,"[1245, 444, 1330, 538]","[332, 136, 417, 230]"
1471,P334848,Obv,saa05,566,148,"[967, 576, 1052, 656]","[54, 268, 139, 348]"
1471,P334848,Obv,saa05,248,5,"[1049, 560, 1160, 631]","[136, 252, 247, 323]"
1471,P334848,Obv,saa05,110,4,"[1153, 539, 1232, 617]","[240, 231, 319, 309]"
1471,P334848,Obv,saa05,24,58,"[1229, 519, 1357, 593]","[316, 211, 444, 285]"
1471,P334848,Obv,saa05,248,5,"[979, 645, 1111, 714]","[66, 337, 198, 406]"
1471,P334848,Obv,saa05,110,4,"[1127, 623, 1232, 693]","[214, 315, 319, 385]"
1471,P334848,Obv,saa05,24,58,"[1256, 580, 1395, 666]","[343, 272, 482, 358]"
1471,P334848,Obv,saa05,1,2,"[977, 719, 1035, 770]","[64, 411, 122, 462]"
1471,P334848,Obv,saa05,599,27,"[1035, 704, 1109, 767]","[122, 396, 196, 459]"
1471,P334848,Obv,saa05,358,21,"[1112, 689, 1184, 754]","[199, 381, 271, 446]"
1471,P334848,Obv,saa05,490,30,"[1183, 685, 1278, 753]","[270, 377, 365, 445]"
1471,P334848,Obv,saa05,579,43,"[1277, 663, 1329, 745]","[364, 355, 416, 437]"
1471,P334848,Obv,saa05,511,42,"[1325, 660, 1390, 739]","[412, 352, 477, 431]"
493,P334863,Obv,saa05,380,62,"[554, 121, 625, 159]","[146, 42, 217, 80]"
493,P334863,Obv,saa05,18,210,"[452, 166, 503, 211]","[44, 87, 95, 132]"
493,P334863,Obv,saa05,754,56,"[499, 160, 551, 210]","[91, 81, 143, 131]"
493,P334863,Obv,saa05,24,58,"[548, 159, 634, 213]","[140, 80, 226, 134]"
493,P334863,Obv,saa05,748,14,"[450, 215, 488, 263]","[42, 136, 80, 184]"
493,P334863,Obv,saa05,10,26,"[483, 214, 542, 263]","[75, 135, 134, 184]"
493,P334863,Obv,saa05,661,16,"[541, 213, 567, 253]","[133, 134, 159, 174]"
493,P334863,Obv,saa05,180,101,"[551, 215, 637, 263]","[143, 136, 229, 184]"
493,P334863,Obv,saa05,812,82,"[451, 264, 502, 316]","[43, 185, 94, 237]"
493,P334863,Obv,saa05,744,214,"[497, 265, 601, 318]","[89, 186, 193, 239]"
493,P334863,Obv,saa05,98,41,"[593, 261, 658, 316]","[185, 182, 250, 237]"
493,P334863,Obv,saa05,663,211,"[471, 319, 562, 376]","[63, 240, 154, 297]"
493,P334863,Obv,saa05,498,19,"[617, 323, 669, 378]","[209, 244, 261, 299]"
493,P334863,Obv,saa05,514,15,"[559, 331, 620, 376]","[151, 252, 212, 297]"
493,P334863,Obv,saa05,266,119,"[508, 382, 612, 440]","[100, 303, 204, 361]"
493,P334863,Obv,saa05,164,78,"[610, 380, 677, 436]","[202, 301, 269, 357]"
981,P334892,Obv,saa05,839,11,"[497, 1473, 537, 1530]","[52, 43, 92, 100]"
981,P334892,Obv,saa05,110,4,"[537, 1472, 601, 1522]","[92, 42, 156, 92]"
981,P334892,Obv,saa05,266,119,"[594, 1471, 721, 1525]","[149, 41, 276, 95]"
981,P334892,Obv,saa05,18,210,"[501, 1522, 584, 1574]","[56, 92, 139, 144]"
981,P334892,Obv,saa05,24,58,"[583, 1519, 676, 1574]","[138, 89, 231, 144]"
981,P334892,Obv,saa05,748,14,"[679, 1521, 718, 1577]","[234, 91, 273, 147]"
981,P334892,Obv,saa05,566,148,"[489, 1575, 568, 1632]","[44, 145, 123, 202]"
981,P334892,Obv,saa05,266,119,"[565, 1579, 695, 1634]","[120, 149, 250, 204]"
981,P334892,Obv,saa05,164,78,"[694, 1576, 760, 1631]","[249, 146, 315, 201]"
981,P334892,Obv,saa05,552,13,"[498, 1639, 557, 1689]","[53, 209, 112, 259]"
981,P334892,Obv,saa05,839,11,"[555, 1634, 599, 1699]","[110, 204, 154, 269]"
981,P334892,Obv,saa05,252,80,"[600, 1636, 673, 1683]","[155, 206, 228, 253]"
981,P334892,Obv,saa05,1,2,"[504, 1703, 546, 1739]","[59, 273, 101, 309]"
981,P334892,Obv,saa05,71,193,"[545, 1692, 633, 1746]","[100, 262, 188, 316]"
981,P334892,Obv,saa05,236,284,"[635, 1689, 747, 1749]","[190, 259, 302, 319]"
981,P334892,Obv,saa05,1,2,"[749, 1701, 786, 1740]","[304, 271, 341, 310]"
981,P334892,Obv,saa05,748,14,"[507, 1747, 547, 1816]","[62, 317, 102, 386]"
981,P334892,Obv,saa05,86,48,"[536, 1742, 625, 1809]","[91, 312, 180, 379]"
981,P334892,Obv,saa05,635,103,"[614, 1748, 707, 1809]","[169, 318, 262, 379]"
981,P334892,Obv,saa05,260,84,"[701, 1746, 787, 1810]","[256, 316, 342, 380]"
1681,P334896,Obv,saa05,869,10,"[542, 121, 584, 164]","[162, 87, 204, 130]"
1681,P334896,Obv,saa05,661,16,"[580, 121, 617, 161]","[200, 87, 237, 127]"
1681,P334896,Obv,saa05,5,184,"[466, 152, 551, 208]","[86, 118, 171, 174]"
1681,P334896,Obv,saa05,661,16,"[534, 165, 563, 203]","[154, 131, 183, 169]"
1681,P334896,Obv,saa05,380,62,"[558, 163, 603, 203]","[178, 129, 223, 169]"
1681,P334896,Obv,saa05,869,10,"[597, 156, 640, 212]","[217, 122, 260, 178]"
1681,P334896,Obv,saa05,258,183,"[534, 204, 614, 239]","[154, 170, 234, 205]"
1681,P334896,Obv,saa05,16,73,"[423, 240, 505, 288]","[43, 206, 125, 254]"
1681,P334896,Obv,saa05,828,88,"[500, 238, 547, 282]","[120, 204, 167, 248]"
1681,P334896,Obv,saa05,142,76,"[540, 236, 608, 283]","[160, 202, 228, 249]"
1681,P334896,Obv,saa05,252,80,"[402, 280, 462, 316]","[22, 246, 82, 282]"
1681,P334896,Obv,saa05,298,52,"[465, 279, 540, 322]","[85, 245, 160, 288]"
1681,P334896,Obv,saa05,358,21,"[538, 280, 613, 323]","[158, 246, 233, 289]"
1681,P334896,Obv,saa05,812,82,"[438, 322, 497, 369]","[58, 288, 117, 335]"
1681,P334896,Obv,saa05,589,18,"[487, 316, 538, 367]","[107, 282, 158, 333]"
1681,P334896,Obv,saa05,464,113,"[527, 319, 569, 371]","[147, 285, 189, 337]"
1681,P334896,Obv,saa05,548,57,"[564, 315, 617, 365]","[184, 281, 237, 331]"
1681,P334896,Obv,saa05,110,4,"[434, 362, 488, 415]","[54, 328, 108, 381]"
1681,P334896,Obv,saa05,491,102,"[487, 364, 563, 413]","[107, 330, 183, 379]"
1681,P334896,Obv,saa05,552,13,"[559, 359, 598, 407]","[179, 325, 218, 373]"
1681,P334896,Obv,saa05,490,30,"[408, 414, 489, 459]","[28, 380, 109, 425]"
1681,P334896,Obv,saa05,859,1,"[484, 413, 522, 455]","[104, 379, 142, 421]"
1681,P334896,Obv,saa05,561,65,"[521, 414, 588, 455]","[141, 380, 208, 421]"
1681,P334896,Obv,saa05,839,11,"[436, 463, 475, 509]","[56, 429, 95, 475]"
1681,P334896,Obv,saa05,736,77,"[461, 454, 547, 506]","[81, 420, 167, 472]"
1681,P334896,Obv,saa05,839,11,"[544, 457, 586, 505]","[164, 423, 206, 471]"
1681,P334896,Obv,saa05,497,312,"[421, 507, 514, 554]","[41, 473, 134, 520]"
1681,P334896,Obv,saa05,10,26,"[505, 501, 557, 547]","[125, 467, 177, 513]"
1681,P334896,Obv,saa05,561,65,"[540, 548, 598, 603]","[160, 514, 218, 569]"
1280,P336635,Obv,saa05,98,41,"[801, 234, 1030, 437]","[492, 162, 721, 365]"
1280,P336635,Obv,saa05,737,100,"[542, 478, 766, 686]","[233, 406, 457, 614]"
1280,P336635,Obv,saa05,252,80,"[703, 446, 905, 630]","[394, 374, 596, 558]"
1280,P336635,Obv,saa05,490,30,"[894, 440, 1113, 634]","[585, 368, 804, 562]"
1280,P336635,Obv,saa05,89,108,"[538, 650, 763, 855]","[229, 578, 454, 783]"
1280,P336635,Obv,saa05,839,11,"[769, 629, 941, 827]","[460, 557, 632, 755]"
1280,P336635,Obv,saa05,252,80,"[924, 624, 1119, 802]","[615, 552, 810, 730]"
1280,P336635,Obv,saa05,1,2,"[847, 868, 994, 986]","[538, 796, 685, 914]"
1280,P336635,Obv,saa05,561,65,"[760, 983, 983, 1184]","[451, 911, 674, 1112]"
1280,P336635,Obv,saa05,0,0,"[988, 1003, 1079, 1176]","[679, 931, 770, 1104]"
1280,P336635,Obv,saa05,839,11,"[1077, 999, 1182, 1113]","[768, 927, 873, 1041]"
1280,P336635,Obv,saa05,1,2,"[535, 1217, 652, 1334]","[226, 1145, 343, 1262]"
1280,P336635,Obv,saa05,142,76,"[649, 1187, 908, 1336]","[340, 1115, 599, 1264]"
1280,P336635,Obv,saa05,711,86,"[844, 1144, 1016, 1300]","[535, 1072, 707, 1228]"
1280,P336635,Obv,saa05,839,11,"[939, 821, 1064, 1006]","[630, 749, 755, 934]"
1280,P336635,Obv,saa05,756,106,"[1031, 817, 1195, 985]","[722, 745, 886, 913]"
367,P334921,Rev,saa05,552,13,"[771, 1107, 836, 1157]","[112, 186, 177, 236]"
367,P334921,Rev,saa05,839,11,"[834, 1101, 883, 1160]","[175, 180, 224, 239]"
367,P334921,Rev,saa05,748,14,"[774, 1171, 827, 1224]","[115, 250, 168, 303]"
367,P334921,Rev,saa05,883,170,"[808, 1158, 857, 1220]","[149, 237, 198, 299]"
367,P334921,Rev,saa05,252,80,"[778, 1222, 842, 1267]","[119, 301, 183, 346]"
367,P334921,Rev,saa05,252,80,"[777, 1279, 844, 1328]","[118, 358, 185, 407]"
367,P334921,Rev,saa05,252,80,"[783, 1338, 846, 1383]","[124, 417, 187, 462]"
367,P334921,Rev,saa05,599,27,"[790, 1385, 863, 1440]","[131, 464, 204, 519]"
367,P334921,Rev,saa05,495,3,"[799, 1442, 863, 1488]","[140, 521, 204, 567]"
976,P334892,Rev,saa05,490,30,"[723, 440, 798, 502]","[273.0, 246.0, 348.0, 308.0]"
976,P334892,Rev,saa05,552,13,"[487, 396, 550, 458]","[37.0, 202.0, 100, 264]"
976,P334892,Rev,saa05,552,13,"[498, 328, 553, 392]","[48.0, 134.0, 103, 198]"
976,P334892,Rev,saa05,495,3,"[583, 387, 715, 454]","[133.0, 193.0, 265.0, 260.0]"
976,P334892,Rev,saa05,552,13,"[605, 513, 671, 566]","[155.0, 319.0, 221, 372]"
976,P334892,Rev,saa05,514,15,"[586, 317, 697, 389]","[136.0, 123.0, 247.0, 195.0]"
976,P334892,Rev,saa05,14,24,"[491, 455, 617, 513]","[41.0, 261.0, 167, 319]"
976,P334892,Rev,saa05,490,30,"[494, 520, 612, 567]","[44.0, 326.0, 162, 373]"
976,P334892,Rev,saa05,596,39,"[573, 575, 636, 630]","[123.0, 381.0, 186.0, 436.0]"
976,P334892,Rev,saa05,71,193,"[487, 574, 584, 636]","[37.0, 380.0, 134, 442]"
976,P334892,Rev,saa05,828,88,"[632, 569, 716, 639]","[182.0, 375.0, 266, 445]"
976,P334892,Rev,saa05,636,174,"[699, 306, 795, 377]","[249.0, 112.0, 345.0, 183.0]"
976,P334892,Rev,saa05,635,103,"[591, 445, 725, 512]","[141.0, 251.0, 275, 318]"
976,P334892,Rev,saa05,514,15,"[707, 372, 807, 442]","[257.0, 178.0, 357.0, 248.0]"
976,P334892,Rev,saa05,514,15,"[586, 252, 689, 322]","[136.0, 58.0, 239, 128]"
976,P334892,Rev,saa05,24,58,"[681, 248, 768, 310]","[231.0, 54.0, 318, 116]"
976,P334892,Rev,saa05,552,13,"[500, 269, 554, 331]","[50, 75, 104, 137]"
976,P334892,Rev,saa05,839,11,"[552, 267, 594, 325]","[102, 73, 144, 131]"
976,P334892,Rev,saa05,839,11,"[550, 327, 591, 391]","[100, 133, 141, 197]"
976,P334892,Rev,saa05,839,11,"[545, 398, 587, 453]","[95, 204, 137, 259]"
976,P334892,Rev,saa05,839,11,"[670, 505, 733, 563]","[220, 311, 283, 369]"
1474,P334848,Rev,saa05,731,161,"[982, 1198, 1141, 1266]","[74, 40, 233, 108]"
1474,P334848,Rev,saa05,71,193,"[1140, 1199, 1229, 1259]","[232, 41, 321, 101]"
1474,P334848,Rev,saa05,590,198,"[1224, 1204, 1325, 1260]","[316, 46, 417, 102]"
1474,P334848,Rev,saa05,230,282,"[1324, 1202, 1389, 1259]","[416, 44, 481, 101]"
1474,P334848,Rev,saa05,754,56,"[1385, 1198, 1449, 1261]","[477, 40, 541, 103]"
1474,P334848,Rev,saa05,252,80,"[980, 1264, 1038, 1320]","[72, 106, 130, 162]"
1474,P334848,Rev,saa05,181,107,"[1033, 1260, 1111, 1314]","[125, 102, 203, 156]"
1474,P334848,Rev,saa05,869,10,"[1111, 1259, 1156, 1320]","[203, 101, 248, 162]"
1474,P334848,Rev,saa05,252,80,"[1155, 1261, 1219, 1317]","[247, 103, 311, 159]"
1474,P334848,Rev,saa05,118,83,"[1219, 1258, 1302, 1315]","[311, 100, 394, 157]"
1474,P334848,Rev,saa05,737,100,"[1301, 1262, 1378, 1327]","[393, 104, 470, 169]"
1474,P334848,Rev,saa05,142,76,"[1372, 1263, 1448, 1319]","[464, 105, 540, 161]"
1474,P334848,Rev,saa05,514,15,"[978, 1324, 1051, 1386]","[70, 166, 143, 228]"
1474,P334848,Rev,saa05,255,36,"[1049, 1317, 1123, 1387]","[141, 159, 215, 229]"
1474,P334848,Rev,saa05,248,5,"[1121, 1323, 1225, 1377]","[213, 165, 317, 219]"
1474,P334848,Rev,saa05,112,17,"[1226, 1308, 1346, 1372]","[318, 150, 438, 214]"
1474,P334848,Rev,saa05,567,96,"[1345, 1312, 1424, 1370]","[437, 154, 516, 212]"
1474,P334848,Rev,saa05,580,87,"[1332, 1365, 1389, 1432]","[424, 207, 481, 274]"
610,P334831,Rev,saa05,812,82,"[614, 259, 668, 303]","[257, 198, 311, 242]"
610,P334831,Rev,saa05,754,56,"[666, 255, 710, 304]","[309, 194, 353, 243]"
610,P334831,Rev,saa05,736,77,"[582, 526, 652, 574]","[225, 465, 295, 513]"
610,P334831,Rev,saa05,552,13,"[561, 483, 597, 528]","[204, 422, 240, 467]"
610,P334831,Rev,saa05,839,11,"[591, 480, 624, 526]","[234, 419, 267, 465]"
610,P334831,Rev,saa05,380,62,"[529, 483, 568, 534]","[172, 422, 211, 473]"
610,P334831,Rev,saa05,252,80,"[622, 481, 661, 525]","[265, 420, 304, 464]"
610,P334831,Rev,saa05,737,100,"[488, 445, 546, 483]","[131, 384, 189, 422]"
610,P334831,Rev,saa05,252,80,"[532, 446, 570, 483]","[175, 385, 213, 422]"
610,P334831,Rev,saa05,10,26,"[621, 431, 680, 480]","[264, 370, 323, 419]"
610,P334831,Rev,saa05,380,62,"[439, 403, 486, 446]","[82, 342, 129, 385]"
610,P334831,Rev,saa05,1,2,"[477, 409, 508, 443]","[120, 348, 151, 382]"
610,P334831,Rev,saa05,748,14,"[573, 394, 602, 439]","[216, 333, 245, 378]"
610,P334831,Rev,saa05,10,26,"[585, 393, 631, 436]","[228, 332, 274, 375]"
610,P334831,Rev,saa05,464,113,"[620, 391, 664, 431]","[263, 330, 307, 370]"
610,P334831,Rev,saa05,117,224,"[650, 386, 695, 435]","[293, 325, 338, 374]"
610,P334831,Rev,saa05,1,2,"[570, 449, 593, 478]","[213, 388, 236, 417]"
610,P334831,Rev,saa05,464,113,"[588, 439, 625, 481]","[231, 378, 268, 420]"
610,P334831,Rev,saa05,663,211,"[505, 404, 575, 444]","[148, 343, 218, 383]"
610,P334831,Rev,saa05,464,113,"[467, 357, 516, 406]","[110, 296, 159, 345]"
610,P334831,Rev,saa05,869,10,"[603, 346, 631, 397]","[246, 285, 274, 336]"
610,P334831,Rev,saa05,112,17,"[627, 340, 663, 386]","[270, 279, 306, 325]"
610,P334831,Rev,saa05,85,23,"[659, 347, 706, 386]","[302, 286, 349, 325]"
610,P334831,Rev,saa05,661,16,"[476, 311, 514, 356]","[119, 250, 157, 295]"
610,P334831,Rev,saa05,380,62,"[507, 306, 624, 355]","[150, 245, 267, 294]"
610,P334831,Rev,saa05,812,82,"[620, 297, 681, 349]","[263, 236, 324, 288]"
610,P334831,Rev,saa05,754,56,"[671, 298, 729, 344]","[314, 237, 372, 283]"
610,P334831,Rev,saa05,495,3,"[571, 262, 621, 302]","[214, 201, 264, 241]"
610,P334831,Rev,saa05,121,259,"[522, 268, 579, 305]","[165, 207, 222, 244]"
610,P334831,Rev,saa05,599,27,"[616, 214, 671, 261]","[259, 153, 314, 200]"
610,P334831,Rev,saa05,708,173,"[663, 206, 700, 253]","[306, 145, 343, 192]"
610,P334831,Rev,saa05,136,156,"[556, 89, 613, 137]","[199, 28, 256, 76]"
610,P334831,Rev,saa05,112,17,"[494, 221, 540, 264]","[137, 160, 183, 203]"
2167,P336178,Obv,saa05,839,11,"[518, 84, 578, 151]","[50, 56, 110, 123]"
2167,P336178,Obv,saa05,110,4,"[564, 87, 668, 132]","[96, 59, 200, 104]"
2167,P336178,Obv,saa05,266,119,"[667, 75, 778, 132]","[199, 47, 310, 104]"
2167,P336178,Obv,saa05,164,78,"[770, 92, 847, 145]","[302, 64, 379, 117]"
2167,P336178,Obv,saa05,748,14,"[668, 138, 711, 190]","[200, 110, 243, 162]"
2167,P336178,Obv,saa05,252,80,"[717, 138, 799, 185]","[249, 110, 331, 157]"
2167,P336178,Obv,saa05,10,26,"[797, 141, 875, 199]","[329, 113, 407, 171]"
2167,P336178,Obv,saa05,812,82,"[500, 207, 574, 275]","[32, 179, 106, 247]"
2167,P336178,Obv,saa05,661,16,"[557, 204, 603, 262]","[89, 176, 135, 234]"
2167,P336178,Obv,saa05,736,77,"[598, 201, 686, 256]","[130, 173, 218, 228]"
2167,P336178,Obv,saa05,98,41,"[692, 184, 780, 251]","[224, 156, 312, 223]"
2167,P336178,Obv,saa05,839,11,"[498, 274, 530, 345]","[30, 246, 62, 317]"
2167,P336178,Obv,saa05,110,4,"[520, 269, 614, 333]","[52, 241, 146, 305]"
2167,P336178,Obv,saa05,164,78,"[756, 252, 841, 322]","[288, 224, 373, 294]"
2167,P336178,Obv,saa05,266,119,"[618, 271, 759, 327]","[150, 243, 291, 299]"
2167,P336178,Obv,saa05,596,39,"[508, 342, 569, 409]","[40, 314, 101, 381]"
2167,P336178,Obv,saa05,254,222,"[656, 326, 789, 387]","[188, 298, 321, 359]"
2167,P336178,Obv,saa05,856,111,"[640, 389, 717, 463]","[172, 361, 249, 435]"
2167,P336178,Obv,saa05,839,11,"[500, 470, 552, 545]","[32, 442, 84, 517]"
2167,P336178,Obv,saa05,110,4,"[557, 458, 651, 528]","[89, 430, 183, 500]"
2167,P336178,Obv,saa05,808,38,"[700, 444, 793, 513]","[232, 416, 325, 485]"
2167,P336178,Obv,saa05,18,210,"[508, 540, 596, 609]","[40, 512, 128, 581]"
2167,P336178,Obv,saa05,754,56,"[596, 538, 694, 593]","[128, 510, 226, 565]"
2167,P336178,Obv,saa05,380,62,"[692, 525, 777, 580]","[224, 497, 309, 552]"
2167,P336178,Obv,saa05,566,148,"[779, 515, 854, 572]","[311, 487, 386, 544]"
2167,P336178,Obv,saa05,566,148,"[519, 616, 603, 667]","[51, 588, 135, 639]"
2167,P336178,Obv,saa05,1,2,"[607, 609, 655, 657]","[139, 581, 187, 629]"
2167,P336178,Obv,saa05,724,79,"[642, 596, 749, 659]","[174, 568, 281, 631]"
2167,P336178,Obv,saa05,260,84,"[742, 587, 863, 650]","[274, 559, 395, 622]"
2167,P336178,Obv,saa05,736,77,"[523, 679, 612, 728]","[55, 651, 144, 700]"
2167,P336178,Obv,saa05,98,41,"[684, 672, 771, 729]","[216, 644, 303, 701]"
2167,P336178,Obv,saa05,1,2,"[498, 411, 547, 467]","[30, 383, 79, 439]"
2167,P336178,Obv,saa05,71,193,"[546, 403, 635, 459]","[78, 375, 167, 431]"
2167,P336178,Obv,saa05,561,65,"[724, 379, 803, 436]","[256, 351, 335, 408]"
1381,P334842,Obv,saa05,1,2,"[431, 1225, 464, 1254]","[163, 37, 196, 66]"
1381,P334842,Obv,saa05,663,211,"[465, 1220, 540, 1254]","[197, 32, 272, 66]"
1381,P334842,Obv,saa05,631,94,"[538, 1219, 572, 1251]","[270, 31, 304, 63]"
1381,P334842,Obv,saa05,869,10,"[570, 1214, 610, 1248]","[302, 26, 342, 60]"
1381,P334842,Obv,saa05,851,68,"[348, 1253, 380, 1293]","[80, 65, 112, 105]"
1381,P334842,Obv,saa05,143,64,"[382, 1252, 445, 1288]","[114, 64, 177, 100]"
1381,P334842,Obv,saa05,292,132,"[454, 1248, 500, 1290]","[186, 60, 232, 102]"
1381,P334842,Obv,saa05,98,41,"[500, 1246, 550, 1283]","[232, 58, 282, 95]"
1381,P334842,Obv,saa05,859,1,"[549, 1249, 594, 1283]","[281, 61, 326, 95]"
1381,P334842,Obv,saa05,132,90,"[591, 1250, 636, 1280]","[323, 62, 368, 92]"
1381,P334842,Obv,saa05,663,211,"[323, 1289, 406, 1327]","[55, 101, 138, 139]"
1381,P334842,Obv,saa05,631,94,"[403, 1280, 431, 1322]","[135, 92, 163, 134]"
1381,P334842,Obv,saa05,869,10,"[430, 1282, 463, 1317]","[162, 94, 195, 129]"
1381,P334842,Obv,saa05,89,108,"[470, 1282, 527, 1322]","[202, 94, 259, 134]"
1381,P334842,Obv,saa05,576,219,"[452, 1296, 470, 1313]","[184, 108, 202, 125]"
1381,P334842,Obv,saa05,576,219,"[432, 1263, 454, 1283]","[164, 75, 186, 95]"
1381,P334842,Obv,saa05,136,156,"[523, 1278, 580, 1320]","[255, 90, 312, 132]"
1381,P334842,Obv,saa05,111,8,"[576, 1281, 617, 1313]","[308, 93, 349, 125]"
1381,P334842,Obv,saa05,1,2,"[305, 1339, 336, 1361]","[37, 151, 68, 173]"
1381,P334842,Obv,saa05,754,56,"[331, 1327, 379, 1360]","[63, 139, 111, 172]"
1381,P334842,Obv,saa05,89,108,"[380, 1320, 442, 1358]","[112, 132, 174, 170]"
1381,P334842,Obv,saa05,839,11,"[439, 1316, 475, 1361]","[171, 128, 207, 173]"
1381,P334842,Obv,saa05,118,83,"[473, 1318, 541, 1357]","[205, 130, 273, 169]"
1381,P334842,Obv,saa05,566,148,"[539, 1315, 595, 1350]","[271, 127, 327, 162]"
1381,P334842,Obv,saa05,548,57,"[621, 1312, 647, 1356]","[353, 124, 379, 168]"
1381,P334842,Obv,saa05,20,205,"[591, 1316, 622, 1351]","[323, 128, 354, 163]"
1381,P334842,Obv,saa05,511,42,"[333, 1352, 398, 1405]","[65, 164, 130, 217]"
1381,P334842,Obv,saa05,552,13,"[396, 1356, 456, 1395]","[128, 168, 188, 207]"
1956,P334836,Rev,saa05,380,62,"[728, 194, 787, 252]","[211, 132, 270, 190]"
1956,P334836,Rev,saa05,592,330,"[781, 207, 810, 240]","[264, 145, 293, 178]"
1956,P334836,Rev,saa05,85,23,"[615, 204, 681, 253]","[98, 142, 164, 191]"
1956,P334836,Rev,saa05,253,124,"[678, 202, 733, 255]","[161, 140, 216, 193]"
1956,P334836,Rev,saa05,552,13,"[812, 200, 871, 248]","[295, 138, 354, 186]"
1956,P334836,Rev,saa05,839,11,"[868, 208, 912, 251]","[351, 146, 395, 189]"
1956,P334836,Rev,saa05,248,5,"[593, 249, 663, 299]","[76, 187, 146, 237]"
1956,P334836,Rev,saa05,24,58,"[649, 251, 741, 298]","[132, 189, 224, 236]"
1956,P334836,Rev,saa05,514,15,"[763, 239, 844, 293]","[246, 177, 327, 231]"
1956,P334836,Rev,saa05,164,78,"[838, 247, 909, 298]","[321, 185, 392, 236]"
1956,P334836,Rev,saa05,181,107,"[578, 293, 645, 344]","[61, 231, 128, 282]"
1956,P334836,Rev,saa05,567,96,"[639, 294, 704, 342]","[122, 232, 187, 280]"
1956,P334836,Rev,saa05,592,330,"[688, 298, 715, 330]","[171, 236, 198, 268]"
1956,P334836,Rev,saa05,1,2,"[715, 294, 751, 339]","[198, 232, 234, 277]"
1956,P334836,Rev,saa05,71,193,"[748, 290, 802, 340]","[231, 228, 285, 278]"
1956,P334836,Rev,saa05,836,147,"[796, 288, 869, 343]","[279, 226, 352, 281]"
1956,P334836,Rev,saa05,828,88,"[860, 293, 917, 346]","[343, 231, 400, 284]"
1956,P334836,Rev,saa05,118,83,"[575, 341, 644, 390]","[58, 279, 127, 328]"
1956,P334836,Rev,saa05,724,79,"[636, 334, 730, 385]","[119, 272, 213, 323]"
1956,P334836,Rev,saa05,464,113,"[726, 333, 818, 385]","[209, 271, 301, 323]"
1956,P334836,Rev,saa05,839,11,"[813, 339, 870, 386]","[296, 277, 353, 324]"
1956,P334836,Rev,saa05,86,48,"[868, 338, 945, 387]","[351, 276, 428, 325]"
1956,P334836,Rev,saa05,514,15,"[547, 381, 616, 443]","[30, 319, 99, 381]"
1956,P334836,Rev,saa05,825,51,"[604, 383, 660, 439]","[87, 321, 143, 377]"
1956,P334836,Rev,saa05,661,16,"[640, 378, 684, 435]","[123, 316, 167, 373]"
1956,P334836,Rev,saa05,514,15,"[686, 374, 763, 432]","[169, 312, 246, 370]"
1956,P334836,Rev,saa05,553,35,"[755, 373, 826, 433]","[238, 311, 309, 371]"
1956,P334836,Rev,saa05,71,193,"[819, 380, 885, 429]","[302, 318, 368, 367]"
1956,P334836,Rev,saa05,754,56,"[880, 383, 946, 436]","[363, 321, 429, 374]"
1956,P334836,Rev,saa05,86,48,"[578, 428, 649, 484]","[61, 366, 132, 422]"
1956,P334836,Rev,saa05,490,30,"[633, 431, 721, 479]","[116, 369, 204, 417]"
1956,P334836,Rev,saa05,592,330,"[707, 442, 733, 470]","[190, 380, 216, 408]"
1956,P334836,Rev,saa05,496,126,"[731, 426, 809, 489]","[214, 364, 292, 427]"
1956,P334836,Rev,saa05,754,56,"[801, 427, 883, 486]","[284, 365, 366, 424]"
1956,P334836,Rev,saa05,566,148,"[876, 425, 936, 479]","[359, 363, 419, 417]"
1956,P334836,Rev,saa05,358,21,"[623, 472, 680, 528]","[106, 410, 163, 466]"
1956,P334836,Rev,saa05,869,10,"[673, 479, 718, 535]","[156, 417, 201, 473]"
1956,P334836,Rev,saa05,599,27,"[580, 479, 639, 533]","[63, 417, 122, 471]"
1956,P334836,Rev,saa05,112,17,"[704, 480, 774, 526]","[187, 418, 257, 464]"
1956,P334836,Rev,saa05,437,165,"[769, 472, 823, 537]","[252, 410, 306, 475]"
1956,P334836,Rev,saa05,86,48,"[817, 475, 883, 531]","[300, 413, 366, 469]"
1956,P334836,Rev,saa05,635,103,"[865, 467, 947, 531]","[348, 405, 430, 469]"
1956,P334836,Rev,saa05,839,11,"[743, 529, 792, 577]","[226, 467, 275, 515]"
1956,P334836,Rev,saa05,592,330,"[781, 538, 816, 569]","[264, 476, 299, 507]"
1956,P334836,Rev,saa05,839,11,"[819, 527, 862, 578]","[302, 465, 345, 516]"
1956,P334836,Rev,saa05,248,5,"[857, 525, 924, 576]","[340, 463, 407, 514]"
1956,P334836,Rev,saa05,86,48,"[734, 573, 820, 625]","[217, 511, 303, 563]"
1956,P334836,Rev,saa05,112,17,"[787, 579, 849, 620]","[270, 517, 332, 558]"
1956,P334836,Rev,saa05,592,330,"[838, 585, 860, 615]","[321, 523, 343, 553]"
1956,P334836,Rev,saa05,86,48,"[860, 568, 924, 618]","[343, 506, 407, 556]"
