segm_idx,tablet_CDLI,view_desc,rec_idx,line_idx,pos_idx,train_label,mzl_label,status
49,P337163,Obv,0,0,0,100,737,0
49,P337163,Obv,1,0,1,213,119,0
49,P337163,Obv,2,0,2,17,112,1
49,P337163,Obv,3,0,3,1,859,1
49,P337163,Obv,4,0,4,26,10,1
49,P337163,Obv,5,0,5,151,887,2
49,P337163,Obv,6,0,6,99,484,1
49,P337163,Obv,7,1,0,0,0,0
49,P337163,Obv,8,1,1,0,0,0
49,P337163,Obv,9,1,2,0,0,0
49,P337163,Obv,10,1,3,148,566,1
49,P337163,Obv,11,1,4,26,10,1
49,P337163,Obv,12,1,5,150,562,1
49,P337163,Obv,13,1,6,193,71,1
49,P337163,Obv,14,1,7,281,215,2
49,P337163,Obv,15,1,8,26,10,1
49,P337163,Obv,16,2,0,79,724,0
49,P337163,Obv,17,2,1,4,110,0
49,P337163,Obv,18,2,2,13,552,2
49,P337163,Obv,19,2,3,2,1,1
49,P337163,Obv,20,2,4,26,10,1
49,P337163,Obv,21,2,5,26,10,1
49,P337163,Obv,22,2,6,126,496,1
49,P337163,Obv,23,2,7,4,110,1
49,P337163,Obv,24,3,0,80,252,0
49,P337163,Obv,25,3,1,42,511,0
49,P337163,Obv,26,3,2,103,635,2
49,P337163,Obv,27,3,3,11,839,1
49,P337163,Obv,28,3,4,13,552,1
49,P337163,Obv,29,3,5,16,661,1
49,P337163,Obv,30,3,6,50,326,1
49,P337163,Obv,31,3,7,79,724,1
49,P337163,Obv,32,3,8,4,110,1
49,P337163,Obv,33,4,0,11,839,0
49,P337163,Obv,34,4,1,4,110,0
49,P337163,Obv,35,4,2,14,748,1
49,P337163,Obv,36,4,3,26,10,1
49,P337163,Obv,37,4,4,135,632,1
49,P337163,Obv,38,4,5,24,14,1
49,P337163,Obv,39,4,6,26,10,1
49,P337163,Obv,40,4,7,11,839,1
49,P337163,Obv,41,4,8,44,379,1
49,P337163,Obv,42,4,9,39,596,1
49,P337163,Obv,43,4,10,96,567,1
49,P337163,Obv,44,4,11,51,825,1
49,P337163,Obv,45,4,12,79,724,1
49,P337163,Obv,46,4,13,4,110,1
49,P337163,Obv,47,5,0,296,348,0
49,P337163,Obv,48,5,1,5,248,2
49,P337163,Obv,49,5,2,232,246,1
49,P337163,Obv,50,5,3,113,464,1
49,P337163,Obv,51,5,4,42,511,1
49,P337163,Obv,52,5,5,1,859,1
49,P337163,Obv,53,5,6,108,89,1
49,P337163,Obv,54,5,7,10,869,1
49,P337163,Obv,55,6,0,30,490,0
49,P337163,Obv,56,6,1,1,859,0
49,P337163,Obv,57,6,2,57,548,2
49,P337163,Obv,58,6,3,58,24,1
49,P337163,Obv,59,6,4,4,110,1
49,P337163,Obv,60,6,5,96,567,1
49,P337163,Obv,61,6,6,27,599,1
49,P337163,Obv,62,6,7,87,580,1
49,P337163,Obv,63,7,0,24,14,0
49,P337163,Obv,64,7,1,108,89,0
49,P337163,Obv,65,7,2,65,561,1
49,P337163,Obv,66,7,3,58,24,1
49,P337163,Obv,67,7,4,165,437,1
49,P337163,Obv,68,7,5,1,859,1
49,P337163,Obv,69,7,6,11,839,1
49,P337163,Obv,70,7,7,38,808,1
49,P337163,Obv,71,7,8,13,552,1
49,P337163,Obv,72,7,9,11,839,1
49,P337163,Obv,73,7,10,237,262,1
49,P337163,Obv,74,7,11,87,580,1
49,P337163,Obv,75,7,12,65,561,1
49,P337163,Obv,76,7,13,197,300,1
49,P337163,Obv,77,8,0,19,498,0
49,P337163,Obv,78,8,1,5,248,2
49,P337163,Obv,79,8,2,232,246,1
49,P337163,Obv,80,8,3,201,643,1
49,P337163,Obv,81,8,4,11,839,1
49,P337163,Obv,82,8,5,106,756,1
49,P337163,Obv,83,8,6,56,754,1
49,P337163,Obv,84,8,7,16,661,1
49,P337163,Obv,85,8,8,39,596,1
49,P337163,Obv,86,8,9,231,167,1
49,P337163,Obv,87,8,10,56,754,1
49,P337163,Obv,88,9,0,19,498,2
49,P337163,Obv,89,9,1,5,248,2
49,P337163,Obv,90,9,2,4,110,1
49,P337163,Obv,91,9,3,183,258,1
49,P337163,Obv,92,9,4,83,118,1
49,P337163,Obv,93,9,5,156,136,1
49,P337163,Obv,94,9,6,98,578,1
49,P337163,Obv,95,9,7,56,754,1
49,P337163,Obv,96,9,8,19,498,1
49,P337163,Obv,97,9,9,187,644,1
49,P337163,Obv,98,9,10,89,172,1
49,P337163,Obv,99,9,11,11,839,1
49,P337163,Obv,100,9,12,62,380,1
49,P337163,Obv,101,10,0,19,498,1
49,P337163,Obv,102,10,1,5,248,2
49,P337163,Obv,103,10,2,232,246,1
49,P337163,Obv,104,10,3,201,643,1
49,P337163,Obv,105,10,4,11,839,1
49,P337163,Obv,106,10,5,106,756,1
49,P337163,Obv,107,10,6,56,754,1
49,P337163,Obv,108,10,7,58,24,1
49,P337163,Obv,109,10,8,23,85,1
49,P337163,Obv,110,10,9,79,724,1
49,P337163,Obv,111,10,10,4,110,1
49,P337163,Obv,112,11,0,19,498,1
49,P337163,Obv,113,11,1,5,248,2
49,P337163,Obv,114,11,2,250,64,1
49,P337163,Obv,115,11,3,126,496,1
49,P337163,Obv,116,11,4,11,839,1
49,P337163,Obv,117,11,5,62,380,1
49,P337163,Obv,118,11,6,84,260,1
49,P337163,Obv,119,11,7,11,839,1
49,P337163,Obv,120,11,8,79,724,1
49,P337163,Obv,121,12,0,195,259,1
49,P337163,Obv,122,12,1,5,248,2
49,P337163,Obv,123,12,2,11,839,1
49,P337163,Obv,124,12,3,18,589,1
49,P337163,Obv,125,12,4,89,172,1
49,P337163,Obv,126,12,5,237,262,1
49,P337163,Obv,127,12,6,11,839,1
49,P337163,Obv,128,12,7,18,589,1
49,P337163,Obv,129,13,0,296,348,1
49,P337163,Obv,130,13,1,5,248,1
49,P337163,Obv,131,13,2,232,246,1
49,P337163,Obv,132,13,3,113,464,1
49,P337163,Obv,133,13,4,5,248,1
49,P337163,Obv,134,13,5,24,14,1
49,P337163,Obv,135,13,6,17,112,1
49,P337163,Obv,136,13,7,30,490,1
49,P337163,Obv,137,13,8,108,89,1
49,P337163,Obv,138,13,9,11,839,1
49,P337163,Obv,139,13,10,62,380,1
49,P337163,Obv,140,14,0,26,10,1
49,P337163,Obv,141,14,1,111,856,1
49,P337163,Obv,142,14,2,38,808,2
49,P337163,Obv,143,14,3,13,552,1
49,P337163,Obv,144,14,4,1,859,1
49,P337163,Obv,145,14,5,183,258,1
49,P337163,Obv,146,14,6,65,561,1
49,P337163,Obv,147,14,7,82,812,1
49,P337163,Obv,148,14,8,87,580,1
49,P337163,Obv,149,14,9,58,24,1
49,P337163,Obv,150,14,10,108,89,1
49,P337163,Obv,151,14,11,11,839,1
49,P337163,Obv,152,14,12,62,380,1
49,P337163,Obv,153,14,13,84,260,1
49,P337163,Obv,154,15,0,2,1,1
49,P337163,Obv,155,15,1,251,73,1
49,P337163,Obv,156,15,2,26,10,1
49,P337163,Obv,157,15,3,56,754,1
49,P337163,Obv,158,15,4,58,24,1
49,P337163,Obv,159,15,5,108,89,1
49,P337163,Obv,160,15,6,81,753,1
49,P337163,Obv,161,15,7,20,127,1
49,P337163,Obv,162,15,8,77,736,1
49,P337163,Obv,163,15,9,21,358,1
49,P337163,Obv,164,15,10,24,14,1
49,P337163,Obv,165,15,11,108,89,1
49,P337163,Obv,166,15,12,65,561,1
49,P337163,Obv,167,15,13,58,24,1
49,P337163,Obv,168,16,0,126,496,1
49,P337163,Obv,169,16,1,4,110,1
49,P337163,Obv,170,16,2,311,486,1
49,P337163,Obv,171,16,3,5,248,1
49,P337163,Obv,172,16,4,11,839,1
49,P337163,Obv,173,16,5,11,839,1
49,P337163,Obv,174,16,6,108,89,1
49,P337163,Obv,175,16,7,30,490,1
49,P337163,Obv,176,16,8,50,326,1
49,P337163,Obv,177,16,9,13,552,1
49,P337163,Obv,178,16,10,58,24,1
49,P337163,Obv,179,16,11,2,1,1
49,P337163,Obv,180,16,12,79,724,1
49,P337163,Obv,181,16,13,26,10,1
49,P337163,Obv,182,16,14,56,754,1
49,P337163,Obv,183,17,0,250,64,1
49,P337163,Obv,184,17,1,102,491,1
49,P337163,Obv,185,17,2,108,89,1
49,P337163,Obv,186,17,3,113,464,1
49,P337163,Obv,187,17,4,11,839,1
49,P337163,Obv,188,17,5,11,839,1
49,P337163,Obv,189,17,6,187,644,1
49,P337163,Obv,190,17,7,8,111,1
49,P337163,Obv,191,17,8,39,596,1
49,P337163,Obv,192,17,9,65,561,1
49,P337163,Obv,193,18,0,121,560,1
49,P337163,Obv,194,18,1,5,248,1
49,P337163,Obv,195,18,2,4,110,1
49,P337163,Obv,196,18,3,57,548,1
49,P337163,Obv,197,18,4,1,859,1
49,P337163,Obv,198,18,5,11,839,1
49,P337163,Obv,199,18,6,58,24,1
49,P337163,Obv,200,18,7,11,839,1
49,P337163,Obv,201,18,8,4,110,1
49,P337163,Obv,202,18,9,58,24,1
49,P337163,Obv,203,18,10,11,839,1
49,P337163,Obv,204,18,11,1,859,1
49,P337163,Obv,205,19,0,2,1,2
49,P337163,Obv,206,19,1,199,31,2
49,P337163,Obv,207,19,2,56,754,1
49,P337163,Obv,208,19,3,18,589,2
49,P337163,Obv,209,19,4,84,260,1
49,P337163,Obv,210,19,5,19,498,1
49,P337163,Obv,211,19,6,5,248,1
49,P337163,Obv,212,19,7,226,570,1
49,P337163,Obv,213,19,8,104,184,1
49,P337163,Obv,214,19,9,108,89,1
49,P337163,Obv,215,19,10,58,24,1
49,P337163,Obv,216,20,0,0,0,0
49,P337163,Obv,217,20,1,0,0,0
49,P337163,Obv,218,20,2,0,0,0
49,P337163,Obv,219,20,3,0,0,0
49,P337163,Obv,220,20,4,0,0,0
49,P337163,Obv,221,20,5,108,89,1
49,P337163,Obv,222,20,6,58,24,1
49,P337163,Obv,223,20,7,108,89,1
49,P337163,Obv,224,20,8,48,86,1
49,P337163,Obv,225,20,9,1,859,1
49,P337163,Obv,226,20,10,40,9,1
49,P337163,Obv,227,21,0,0,0,0
49,P337163,Obv,228,21,1,0,0,0
49,P337163,Obv,229,21,2,0,0,0
49,P337163,Obv,230,21,3,0,0,0
49,P337163,Obv,231,21,4,0,0,0
49,P337163,Obv,232,21,5,26,10,2
49,P337163,Obv,233,21,6,20,127,1
49,P337163,Obv,234,21,7,23,85,1
49,P337163,Obv,235,21,8,174,636,1
49,P337163,Obv,236,21,9,65,561,1
49,P337163,Obv,237,21,10,11,839,1
49,P337163,Obv,238,21,11,199,31,1
49,P337163,Obv,239,21,12,56,754,1
49,P337163,Obv,240,21,13,58,24,1
49,P337163,Obv,241,22,0,2,1,0
49,P337163,Obv,242,22,1,251,73,0
49,P337163,Obv,243,22,2,26,10,0
49,P337163,Obv,244,22,3,56,754,0
49,P337163,Obv,245,22,4,58,24,1
49,P337163,Obv,246,22,5,108,89,1
49,P337163,Obv,247,22,6,11,839,1
49,P337163,Obv,248,22,7,81,753,1
49,P337163,Obv,249,23,0,20,127,0
49,P337163,Obv,250,23,1,65,561,0
49,P337163,Obv,251,23,2,232,246,0
49,P337163,Obv,252,23,3,21,358,1
49,P337163,Obv,253,23,4,91,889,1
49,P337163,Obv,254,23,5,97,99,1
49,P337163,Obv,255,23,6,11,839,1
49,P337163,Obv,256,23,7,18,589,1
49,P337163,Obv,257,23,8,58,24,1
49,P337163,Obv,258,24,0,83,118,0
49,P337163,Obv,259,24,1,108,89,0
49,P337163,Obv,260,24,2,58,24,0
49,P337163,Obv,261,24,3,165,437,0
49,P337163,Obv,262,24,4,1,859,0
49,P337163,Obv,263,24,5,38,808,1
49,P337163,Obv,264,24,6,13,552,1
49,P337163,Obv,265,24,7,11,839,1
49,P337163,Obv,266,24,8,237,262,1
49,P337163,Obv,267,24,9,87,580,1
49,P337163,Obv,268,24,10,65,561,1
49,P337163,Obv,269,24,11,197,300,2
49,P337163,Obv,270,25,0,2,1,0
49,P337163,Obv,271,25,1,27,599,0
49,P337163,Obv,272,25,2,346,766,0
49,P337163,Obv,273,25,3,11,839,0
49,P337163,Obv,274,25,4,11,839,0
49,P337163,Obv,275,25,5,5,248,2
49,P337163,Obv,276,25,6,21,358,1
49,P337163,Obv,277,25,7,11,839,1
49,P337163,Obv,278,25,8,11,839,1
49,P337163,Obv,279,25,9,116,223,1
49,P337163,Obv,280,25,10,58,24,1
49,P337163,Obv,281,25,11,11,839,1
49,P337163,Obv,282,25,12,65,561,1
49,P337163,Obv,283,25,13,24,14,0
49,P337163,Obv,284,25,14,174,636,0
49,P337163,Obv,285,26,0,0,0,0
49,P337163,Obv,286,26,1,0,0,0
49,P337163,Obv,287,26,2,0,0,0
49,P337163,Obv,288,26,3,0,0,0
49,P337163,Obv,289,26,4,0,0,0
49,P337163,Obv,290,26,5,0,0,0
49,P337163,Obv,291,26,6,0,0,2
49,P337163,Obv,292,26,7,13,552,1
49,P337163,Obv,293,26,8,11,839,1
49,P337163,Obv,294,26,9,4,110,1
49,P337163,Obv,295,26,10,98,578,1
49,P337163,Obv,296,26,11,10,869,1
49,P337163,Obv,297,26,12,80,252,1
49,P337163,Obv,298,26,13,48,86,1
49,P337163,Obv,299,26,14,42,511,0
49,P337163,Obv,300,27,0,0,0,0
49,P337163,Obv,301,27,1,0,0,0
49,P337163,Obv,302,27,2,0,0,0
49,P337163,Obv,303,27,3,0,0,0
49,P337163,Obv,304,27,4,0,0,0
49,P337163,Obv,305,27,5,0,0,0
49,P337163,Obv,306,27,6,0,0,0
49,P337163,Obv,307,27,7,16,661,1
49,P337163,Obv,308,27,8,62,380,1
49,P337163,Obv,309,27,9,11,839,1
49,P337163,Obv,310,27,10,1,859,1
49,P337163,Obv,311,27,11,0,0,2
49,P337163,Obv,312,27,12,0,0,0
49,P337163,Obv,313,27,13,0,0,0
49,P337163,Obv,314,27,14,0,0,0
52,P337163,Rev,0,0,0,0,0,0
52,P337163,Rev,1,0,1,26,10,1
52,P337163,Rev,2,0,2,151,887,0
52,P337163,Rev,3,0,3,99,484,2
52,P337163,Rev,4,0,4,16,661,1
52,P337163,Rev,5,0,5,26,10,2
52,P337163,Rev,6,0,6,150,562,1
52,P337163,Rev,7,0,7,281,215,1
52,P337163,Rev,8,0,8,26,10,1
52,P337163,Rev,9,0,9,100,737,1
52,P337163,Rev,10,1,0,11,839,0
52,P337163,Rev,11,1,1,4,110,0
52,P337163,Rev,12,1,2,14,748,1
52,P337163,Rev,13,1,3,26,10,1
52,P337163,Rev,14,1,4,135,632,1
52,P337163,Rev,15,1,5,44,379,1
52,P337163,Rev,16,1,6,11,839,1
52,P337163,Rev,17,1,7,44,379,2
52,P337163,Rev,18,1,8,39,596,1
52,P337163,Rev,19,1,9,96,567,1
52,P337163,Rev,20,1,10,51,825,1
52,P337163,Rev,21,1,11,56,754,1
52,P337163,Rev,22,1,12,79,724,2
52,P337163,Rev,23,1,13,4,110,1
52,P337163,Rev,24,2,0,82,812,2
52,P337163,Rev,25,2,1,30,490,1
52,P337163,Rev,26,2,2,184,5,1
52,P337163,Rev,27,2,3,122,672,1
52,P337163,Rev,28,2,4,65,561,1
52,P337163,Rev,29,2,5,11,839,1
52,P337163,Rev,30,2,6,4,110,1
52,P337163,Rev,31,2,7,65,561,2
52,P337163,Rev,32,2,8,11,839,2
52,P337163,Rev,33,2,9,76,142,2
52,P337163,Rev,34,3,0,148,566,1
52,P337163,Rev,35,3,1,58,24,2
52,P337163,Rev,36,3,2,170,883,1
52,P337163,Rev,37,3,3,126,496,1
52,P337163,Rev,38,3,4,1,859,1
52,P337163,Rev,39,3,5,11,839,1
52,P337163,Rev,40,3,6,187,644,1
52,P337163,Rev,41,4,0,36,255,0
52,P337163,Rev,42,4,1,170,883,0
52,P337163,Rev,43,4,2,193,71,0
52,P337163,Rev,44,4,3,281,215,0
52,P337163,Rev,45,4,4,26,10,2
52,P337163,Rev,46,5,0,205,20,1
52,P337163,Rev,47,5,1,320,554,2
52,P337163,Rev,48,5,2,39,596,1
52,P337163,Rev,49,5,3,16,661,1
52,P337163,Rev,50,5,4,366,864,1
52,P337163,Rev,51,5,5,75,640,1
52,P337163,Rev,52,5,6,79,724,1
52,P337163,Rev,53,5,7,41,98,1
52,P337163,Rev,54,5,8,14,748,1
52,P337163,Rev,55,5,9,78,164,1
52,P337163,Rev,56,5,10,98,578,1
52,P337163,Rev,57,5,11,16,661,1
52,P337163,Rev,58,5,12,11,839,1
52,P337163,Rev,59,6,0,15,514,1
52,P337163,Rev,60,6,1,1,859,1
52,P337163,Rev,61,6,2,98,578,1
52,P337163,Rev,62,6,3,53,695,1
52,P337163,Rev,63,6,4,76,142,1
26,P337153,Obv,0,0,0,11,839,1
26,P337153,Obv,1,0,1,31,113,1
26,P337153,Obv,2,0,2,26,10,1
26,P337153,Obv,3,0,3,95,747,1
26,P337153,Obv,4,0,4,148,566,1
26,P337153,Obv,5,0,5,193,71,1
26,P337153,Obv,6,0,6,281,215,1
26,P337153,Obv,7,0,7,26,10,1
26,P337153,Obv,8,0,8,0,0,0
26,P337153,Obv,9,0,9,0,0,0
26,P337153,Obv,10,0,10,0,0,0
26,P337153,Obv,11,0,11,0,0,0
26,P337153,Obv,12,0,12,0,0,0
26,P337153,Obv,13,0,13,0,0,0
26,P337153,Obv,14,1,0,164,815,1
26,P337153,Obv,15,1,1,68,851,1
26,P337153,Obv,16,1,2,11,839,1
26,P337153,Obv,17,1,3,11,839,1
26,P337153,Obv,18,1,4,124,253,1
26,P337153,Obv,19,1,5,68,851,1
26,P337153,Obv,20,1,6,11,839,1
26,P337153,Obv,21,1,7,4,110,2
26,P337153,Obv,22,1,8,0,0,0
26,P337153,Obv,23,1,9,0,0,0
26,P337153,Obv,24,1,10,0,0,0
26,P337153,Obv,25,1,11,0,0,0
26,P337153,Obv,26,1,12,0,0,0
26,P337153,Obv,27,1,13,0,0,0
26,P337153,Obv,28,1,14,0,0,0
26,P337153,Obv,29,2,0,26,10,1
26,P337153,Obv,30,2,1,151,887,1
26,P337153,Obv,31,2,2,99,484,1
26,P337153,Obv,32,2,3,11,839,1
26,P337153,Obv,33,2,4,4,110,1
26,P337153,Obv,34,2,5,117,755,1
26,P337153,Obv,35,2,6,23,85,1
26,P337153,Obv,36,2,7,148,566,0
26,P337153,Obv,37,2,8,41,98,0
26,P337153,Obv,38,2,9,76,142,0
26,P337153,Obv,39,2,10,1,859,0
26,P337153,Obv,40,2,11,5,248,0
26,P337153,Obv,41,2,12,107,181,0
26,P337153,Obv,42,2,13,81,753,0
26,P337153,Obv,43,3,0,52,298,1
26,P337153,Obv,44,3,1,23,85,1
26,P337153,Obv,45,3,2,100,737,1
26,P337153,Obv,46,3,3,8,111,1
26,P337153,Obv,47,3,4,287,296,1
26,P337153,Obv,48,3,5,107,181,1
26,P337153,Obv,49,3,6,0,0,2
26,P337153,Obv,50,3,7,0,0,0
26,P337153,Obv,51,3,8,0,0,0
26,P337153,Obv,52,3,9,0,0,0
26,P337153,Obv,53,3,10,0,0,0
26,P337153,Obv,54,3,11,0,0,0
26,P337153,Obv,55,3,12,0,0,0
26,P337153,Obv,56,4,0,148,566,1
26,P337153,Obv,57,4,1,14,748,1
26,P337153,Obv,58,4,2,2,1,1
26,P337153,Obv,59,4,3,194,151,1
26,P337153,Obv,60,4,4,140,92,1
26,P337153,Obv,61,4,5,2,1,1
26,P337153,Obv,62,4,6,173,708,1
26,P337153,Obv,63,4,7,98,578,1
26,P337153,Obv,64,4,8,2,1,1
26,P337153,Obv,65,4,9,194,151,1
26,P337153,Obv,66,4,10,0,0,0
26,P337153,Obv,67,4,11,0,0,0
26,P337153,Obv,68,4,12,0,0,0
26,P337153,Obv,69,4,13,0,0,0
26,P337153,Obv,70,4,14,0,0,0
26,P337153,Obv,71,4,15,0,0,0
26,P337153,Obv,72,5,0,14,748,1
26,P337153,Obv,73,5,1,26,10,1
26,P337153,Obv,74,5,2,151,887,1
26,P337153,Obv,75,5,3,114,807,1
26,P337153,Obv,76,5,4,95,747,1
26,P337153,Obv,77,5,5,16,661,1
26,P337153,Obv,78,5,6,0,0,1
26,P337153,Obv,79,5,7,86,711,1
26,P337153,Obv,80,5,8,148,566,2
26,P337153,Obv,81,5,9,0,0,0
26,P337153,Obv,82,5,10,0,0,0
26,P337153,Obv,83,5,11,0,0,0
26,P337153,Obv,84,5,12,0,0,0
26,P337153,Obv,85,5,13,0,0,0
26,P337153,Obv,86,6,0,11,839,1
26,P337153,Obv,87,6,1,11,839,1
26,P337153,Obv,88,6,2,21,358,1
26,P337153,Obv,89,6,3,10,869,1
26,P337153,Obv,90,6,4,2,1,1
26,P337153,Obv,91,6,5,100,737,1
26,P337153,Obv,92,6,6,5,248,1
26,P337153,Obv,93,6,7,185,701,1
26,P337153,Obv,94,6,8,51,825,1
26,P337153,Obv,95,6,9,10,869,0
26,P337153,Obv,96,6,10,0,0,0
26,P337153,Obv,97,6,11,0,0,0
26,P337153,Obv,98,6,12,0,0,0
26,P337153,Obv,99,6,13,0,0,0
26,P337153,Obv,100,6,14,0,0,0
26,P337153,Obv,101,6,15,0,0,0
26,P337153,Obv,102,7,0,2,1,1
26,P337153,Obv,103,7,1,3,495,1
26,P337153,Obv,104,7,2,35,553,1
26,P337153,Obv,105,7,3,197,300,1
26,P337153,Obv,106,7,4,30,490,1
26,P337153,Obv,107,7,5,68,851,0
26,P337153,Obv,108,7,6,0,0,0
26,P337153,Obv,109,7,7,0,0,0
26,P337153,Obv,110,7,8,0,0,0
26,P337153,Obv,111,7,9,0,0,0
26,P337153,Obv,112,7,10,0,0,0
26,P337153,Obv,113,7,11,0,0,0
31,P337153,Rev,0,0,0,2,1,1
31,P337153,Rev,1,0,1,27,599,1
31,P337153,Rev,2,0,2,0,0,2
31,P337153,Rev,3,0,3,0,0,0
31,P337153,Rev,4,0,4,0,0,0
31,P337153,Rev,5,0,5,0,0,0
31,P337153,Rev,6,0,6,0,0,0
31,P337153,Rev,7,0,7,0,0,0
31,P337153,Rev,8,0,8,0,0,0
31,P337153,Rev,9,0,9,0,0,0
31,P337153,Rev,10,0,10,0,0,0
31,P337153,Rev,11,0,11,0,0,0
31,P337153,Rev,12,0,12,0,0,0
31,P337153,Rev,13,1,0,30,490,1
31,P337153,Rev,14,1,1,24,14,2
31,P337153,Rev,15,1,2,0,0,0
31,P337153,Rev,16,1,3,0,0,0
31,P337153,Rev,17,1,4,0,0,0
31,P337153,Rev,18,1,5,0,0,0
31,P337153,Rev,19,1,6,0,0,0
31,P337153,Rev,20,1,7,0,0,0
31,P337153,Rev,21,1,8,0,0,0
31,P337153,Rev,22,1,9,0,0,0
31,P337153,Rev,23,1,10,0,0,0
31,P337153,Rev,24,1,11,0,0,0
31,P337153,Rev,25,2,0,15,514,1
31,P337153,Rev,26,2,1,140,92,1
31,P337153,Rev,27,2,2,148,566,2
31,P337153,Rev,28,2,3,0,0,0
31,P337153,Rev,29,2,4,0,0,0
31,P337153,Rev,30,2,5,0,0,0
31,P337153,Rev,31,2,6,0,0,0
31,P337153,Rev,32,2,7,0,0,0
31,P337153,Rev,33,2,8,0,0,0
31,P337153,Rev,34,2,9,0,0,0
31,P337153,Rev,35,2,10,0,0,0
31,P337153,Rev,36,2,11,0,0,0
31,P337153,Rev,37,3,0,15,514,1
31,P337153,Rev,38,3,1,140,92,1
31,P337153,Rev,39,3,2,148,566,2
31,P337153,Rev,40,3,3,59,900,2
31,P337153,Rev,41,3,4,0,0,2
31,P337153,Rev,42,3,5,0,0,0
31,P337153,Rev,43,3,6,2,1,0
31,P337153,Rev,44,3,7,79,724,0
31,P337153,Rev,45,3,8,185,701,0
31,P337153,Rev,46,3,9,51,825,0
31,P337153,Rev,47,3,10,56,754,0
31,P337153,Rev,48,3,11,10,869,0
31,P337153,Rev,49,4,0,62,380,1
31,P337153,Rev,50,4,1,156,136,1
31,P337153,Rev,51,4,2,8,111,1
31,P337153,Rev,52,4,3,88,828,1
31,P337153,Rev,53,4,4,62,380,1
31,P337153,Rev,54,4,5,296,348,2
31,P337153,Rev,55,4,6,0,0,0
31,P337153,Rev,56,4,7,0,0,0
31,P337153,Rev,57,4,8,0,0,0
31,P337153,Rev,58,4,9,0,0,0
31,P337153,Rev,59,4,10,0,0,0
31,P337153,Rev,60,4,11,0,0,0
31,P337153,Rev,61,5,0,26,10,1
31,P337153,Rev,62,5,1,151,887,1
31,P337153,Rev,63,5,2,99,484,1
31,P337153,Rev,64,5,3,216,720,2
31,P337153,Rev,65,5,4,108,89,1
31,P337153,Rev,66,5,5,0,0,0
31,P337153,Rev,67,5,6,0,0,0
31,P337153,Rev,68,5,7,0,0,0
31,P337153,Rev,69,5,8,0,0,0
31,P337153,Rev,70,5,9,0,0,0
31,P337153,Rev,71,5,10,0,0,0
31,P337153,Rev,72,6,0,148,566,2
31,P337153,Rev,73,6,1,26,10,1
31,P337153,Rev,74,6,2,39,596,1
31,P337153,Rev,75,6,3,79,724,1
31,P337153,Rev,76,6,4,4,110,1
31,P337153,Rev,77,6,5,78,164,1
31,P337153,Rev,78,6,6,183,258,1
31,P337153,Rev,79,6,7,16,661,1
31,P337153,Rev,80,6,8,11,839,1
31,P337153,Rev,81,6,9,30,490,1
31,P337153,Rev,82,6,10,68,851,2
31,P337153,Rev,83,6,11,0,0,0
31,P337153,Rev,84,6,12,0,0,0
31,P337153,Rev,85,6,13,0,0,0
31,P337153,Rev,86,6,14,0,0,0
31,P337153,Rev,87,6,15,0,0,0
31,P337153,Rev,88,6,16,0,0,0
23,P336678,Rev,0,0,0,13,552,2
23,P336678,Rev,1,0,1,11,839,1
23,P336678,Rev,2,0,2,108,89,1
23,P336678,Rev,3,0,3,11,839,2
23,P336678,Rev,4,0,4,0,0,2
23,P336678,Rev,5,0,5,0,0,0
23,P336678,Rev,6,0,6,0,0,0
23,P336678,Rev,7,0,7,0,0,0
23,P336678,Rev,8,0,8,0,0,0
23,P336678,Rev,9,0,9,0,0,0
23,P336678,Rev,10,0,10,0,0,0
23,P336678,Rev,11,0,11,0,0,0
23,P336678,Rev,12,0,12,0,0,0
23,P336678,Rev,13,1,0,30,490,2
23,P336678,Rev,14,1,1,73,16,1
23,P336678,Rev,15,1,2,39,596,1
23,P336678,Rev,16,1,3,0,0,0
23,P336678,Rev,17,1,4,0,0,0
23,P336678,Rev,18,1,5,0,0,0
23,P336678,Rev,19,1,6,0,0,0
23,P336678,Rev,20,1,7,0,0,0
23,P336678,Rev,21,1,8,0,0,0
23,P336678,Rev,22,1,9,0,0,0
23,P336678,Rev,23,1,10,0,0,0
23,P336678,Rev,24,1,11,0,0,0
23,P336678,Rev,25,1,12,0,0,0
23,P336678,Rev,26,1,13,0,0,0
23,P336678,Rev,27,1,14,0,0,0
23,P336678,Rev,28,2,0,11,839,1
23,P336678,Rev,29,2,1,107,181,1
23,P336678,Rev,30,2,2,81,753,1
23,P336678,Rev,31,2,3,11,839,1
23,P336678,Rev,32,2,4,126,496,1
23,P336678,Rev,33,2,5,0,0,0
23,P336678,Rev,34,2,6,0,0,0
23,P336678,Rev,35,2,7,0,0,0
23,P336678,Rev,36,2,8,0,0,0
23,P336678,Rev,37,2,9,0,0,0
23,P336678,Rev,38,2,10,0,0,0
23,P336678,Rev,39,2,11,0,0,0
23,P336678,Rev,40,2,12,0,0,0
23,P336678,Rev,41,2,13,0,0,0
23,P336678,Rev,42,2,14,0,0,0
23,P336678,Rev,43,3,0,15,514,1
23,P336678,Rev,44,3,1,140,92,1
23,P336678,Rev,45,3,2,56,754,1
23,P336678,Rev,46,3,3,58,24,1
23,P336678,Rev,47,3,4,0,0,0
23,P336678,Rev,48,3,5,0,0,0
23,P336678,Rev,49,3,6,0,0,0
23,P336678,Rev,50,3,7,0,0,0
23,P336678,Rev,51,3,8,0,0,0
23,P336678,Rev,52,3,9,0,0,0
23,P336678,Rev,53,3,10,0,0,0
23,P336678,Rev,54,3,11,0,0,0
23,P336678,Rev,55,3,12,0,0,0
23,P336678,Rev,56,3,13,0,0,0
23,P336678,Rev,57,4,0,26,10,1
23,P336678,Rev,58,4,1,62,380,1
23,P336678,Rev,59,4,2,80,252,1
23,P336678,Rev,60,4,3,0,0,0
23,P336678,Rev,61,4,4,0,0,0
23,P336678,Rev,62,4,5,0,0,0
23,P336678,Rev,63,4,6,0,0,0
23,P336678,Rev,64,4,7,0,0,0
23,P336678,Rev,65,4,8,0,0,0
23,P336678,Rev,66,4,9,0,0,0
23,P336678,Rev,67,4,10,0,0,0
23,P336678,Rev,68,4,11,0,0,0
23,P336678,Rev,69,5,0,165,437,2
23,P336678,Rev,70,5,1,370,891,1
23,P336678,Rev,71,5,2,41,98,1
23,P336678,Rev,72,5,3,16,661,0
23,P336678,Rev,73,5,4,62,380,0
23,P336678,Rev,74,5,5,0,0,0
23,P336678,Rev,75,5,6,0,0,0
23,P336678,Rev,76,5,7,0,0,0
23,P336678,Rev,77,5,8,0,0,0
23,P336678,Rev,78,5,9,0,0,0
23,P336678,Rev,79,5,10,0,0,0
23,P336678,Rev,80,5,11,0,0,0
23,P336678,Rev,81,5,12,0,0,0
23,P336678,Rev,82,5,13,0,0,0
23,P336678,Rev,83,6,0,2,1,0
23,P336678,Rev,84,6,1,27,599,2
23,P336678,Rev,85,6,2,21,358,1
23,P336678,Rev,86,6,3,8,111,2
23,P336678,Rev,87,6,4,0,0,2
23,P336678,Rev,88,6,5,0,0,0
23,P336678,Rev,89,6,6,0,0,0
23,P336678,Rev,90,6,7,0,0,0
23,P336678,Rev,91,6,8,0,0,0
23,P336678,Rev,92,6,9,0,0,0
23,P336678,Rev,93,6,10,0,0,0
23,P336678,Rev,94,6,11,0,0,0
23,P336678,Rev,95,6,12,0,0,0
23,P336678,Rev,96,6,13,0,0,0
23,P336678,Rev,97,7,0,148,566,1
23,P336678,Rev,98,7,1,165,437,1
23,P336678,Rev,99,7,2,370,891,1
23,P336678,Rev,100,7,3,41,98,2
23,P336678,Rev,101,7,4,16,661,0
23,P336678,Rev,102,7,5,62,380,0
23,P336678,Rev,103,7,6,0,0,0
23,P336678,Rev,104,7,7,0,0,0
23,P336678,Rev,105,7,8,0,0,0
23,P336678,Rev,106,7,9,0,0,0
23,P336678,Rev,107,7,10,0,0,0
23,P336678,Rev,108,7,11,0,0,0
23,P336678,Rev,109,8,0,2,1,1
23,P336678,Rev,110,8,1,113,464,2
23,P336678,Rev,111,8,2,26,10,1
23,P336678,Rev,112,8,3,38,808,1
23,P336678,Rev,113,8,4,25,350,2
23,P336678,Rev,114,8,5,0,0,0
23,P336678,Rev,115,8,6,0,0,0
23,P336678,Rev,116,8,7,0,0,0
23,P336678,Rev,117,8,8,0,0,0
23,P336678,Rev,118,8,9,0,0,0
23,P336678,Rev,119,8,10,0,0,0
23,P336678,Rev,120,8,11,0,0,0
23,P336678,Rev,121,9,0,11,839,2
23,P336678,Rev,122,9,1,77,736,2
23,P336678,Rev,123,9,2,15,514,1
23,P336678,Rev,124,9,3,140,92,1
23,P336678,Rev,125,9,4,56,754,0
23,P336678,Rev,126,9,5,58,24,0
23,P336678,Rev,127,9,6,0,0,0
23,P336678,Rev,128,9,7,0,0,0
23,P336678,Rev,129,9,8,0,0,0
23,P336678,Rev,130,9,9,0,0,0
23,P336678,Rev,131,9,10,0,0,0
19,P336678,Obv,0,0,0,26,10,1
19,P336678,Obv,1,0,1,95,747,1
19,P336678,Obv,2,0,2,148,566,1
19,P336678,Obv,3,0,3,193,71,1
19,P336678,Obv,4,0,4,281,215,1
19,P336678,Obv,5,0,5,26,10,0
19,P336678,Obv,6,0,6,13,552,0
19,P336678,Obv,7,0,7,11,839,0
19,P336678,Obv,8,0,8,0,0,0
19,P336678,Obv,9,0,9,0,0,0
19,P336678,Obv,10,0,10,0,0,0
19,P336678,Obv,11,0,11,0,0,0
19,P336678,Obv,12,0,12,0,0,0
19,P336678,Obv,13,0,13,0,0,0
19,P336678,Obv,14,0,14,0,0,0
19,P336678,Obv,15,0,15,0,0,0
19,P336678,Obv,16,1,0,13,552,1
19,P336678,Obv,17,1,1,11,839,1
19,P336678,Obv,18,1,2,30,490,1
19,P336678,Obv,19,1,3,5,248,1
19,P336678,Obv,20,1,4,97,99,1
19,P336678,Obv,21,1,5,26,10,0
19,P336678,Obv,22,1,6,0,0,0
19,P336678,Obv,23,1,7,0,0,0
19,P336678,Obv,24,1,8,0,0,0
19,P336678,Obv,25,1,9,0,0,0
19,P336678,Obv,26,1,10,0,0,0
19,P336678,Obv,27,1,11,0,0,0
19,P336678,Obv,28,1,12,0,0,0
19,P336678,Obv,29,1,13,0,0,0
19,P336678,Obv,30,1,14,0,0,0
19,P336678,Obv,31,1,15,0,0,0
19,P336678,Obv,32,2,0,30,490,1
19,P336678,Obv,33,2,1,5,248,1
19,P336678,Obv,34,2,2,97,99,1
19,P336678,Obv,35,2,3,26,10,1
19,P336678,Obv,36,2,4,0,0,0
19,P336678,Obv,37,2,5,0,0,0
19,P336678,Obv,38,2,6,0,0,0
19,P336678,Obv,39,2,7,0,0,0
19,P336678,Obv,40,2,8,0,0,0
19,P336678,Obv,41,2,9,0,0,0
19,P336678,Obv,42,2,10,0,0,0
19,P336678,Obv,43,2,11,0,0,0
19,P336678,Obv,44,2,12,0,0,0
19,P336678,Obv,45,2,13,0,0,0
19,P336678,Obv,46,2,14,0,0,0
19,P336678,Obv,47,3,0,0,0,0
19,P336678,Obv,48,3,1,8,111,1
19,P336678,Obv,49,3,2,21,358,1
19,P336678,Obv,50,3,3,0,0,2
19,P336678,Obv,51,3,4,0,0,0
19,P336678,Obv,52,3,5,0,0,0
19,P336678,Obv,53,3,6,0,0,0
19,P336678,Obv,54,3,7,0,0,0
19,P336678,Obv,55,3,8,0,0,0
19,P336678,Obv,56,3,9,0,0,0
19,P336678,Obv,57,3,10,0,0,0
19,P336678,Obv,58,3,11,0,0,0
19,P336678,Obv,59,3,12,0,0,0
19,P336678,Obv,60,3,13,0,0,0
19,P336678,Obv,61,3,14,0,0,0
19,P336678,Obv,62,3,15,0,0,0
19,P336678,Obv,63,3,16,0,0,0
19,P336678,Obv,64,4,0,13,552,1
19,P336678,Obv,65,4,1,11,839,1
19,P336678,Obv,66,4,2,193,71,2
19,P336678,Obv,67,4,3,0,0,0
19,P336678,Obv,68,4,4,0,0,0
19,P336678,Obv,69,4,5,0,0,0
19,P336678,Obv,70,4,6,0,0,0
19,P336678,Obv,71,4,7,0,0,0
19,P336678,Obv,72,4,8,0,0,0
19,P336678,Obv,73,4,9,0,0,0
19,P336678,Obv,74,4,10,0,0,0
19,P336678,Obv,75,4,11,0,0,0
19,P336678,Obv,76,4,12,0,0,0
19,P336678,Obv,77,4,13,0,0,0
19,P336678,Obv,78,4,14,0,0,0
19,P336678,Obv,79,4,15,0,0,0
19,P336678,Obv,80,5,0,160,261,1
19,P336678,Obv,81,5,1,5,248,1
19,P336678,Obv,82,5,2,0,0,0
19,P336678,Obv,83,5,3,0,0,0
19,P336678,Obv,84,5,4,0,0,0
19,P336678,Obv,85,5,5,0,0,0
19,P336678,Obv,86,5,6,0,0,0
19,P336678,Obv,87,5,7,0,0,0
19,P336678,Obv,88,5,8,0,0,0
19,P336678,Obv,89,5,9,0,0,0
19,P336678,Obv,90,5,10,0,0,0
19,P336678,Obv,91,5,11,0,0,0
19,P336678,Obv,92,5,12,0,0,0
19,P336678,Obv,93,5,13,0,0,0
19,P336678,Obv,94,5,14,0,0,0
19,P336678,Obv,95,6,0,19,498,1
19,P336678,Obv,96,6,1,40,9,1
19,P336678,Obv,97,6,2,87,580,2
19,P336678,Obv,98,6,3,0,0,0
19,P336678,Obv,99,6,4,0,0,0
19,P336678,Obv,100,6,5,0,0,0
19,P336678,Obv,101,6,6,0,0,0
19,P336678,Obv,102,6,7,0,0,0
19,P336678,Obv,103,6,8,0,0,0
19,P336678,Obv,104,6,9,0,0,0
19,P336678,Obv,105,6,10,0,0,0
19,P336678,Obv,106,6,11,0,0,0
19,P336678,Obv,107,6,12,0,0,0
19,P336678,Obv,108,6,13,0,0,0
19,P336678,Obv,109,6,14,0,0,0
19,P336678,Obv,110,7,0,148,566,1
19,P336678,Obv,111,7,1,119,266,1
19,P336678,Obv,112,7,2,0,0,0
19,P336678,Obv,113,7,3,0,0,0
19,P336678,Obv,114,7,4,0,0,0
19,P336678,Obv,115,7,5,0,0,0
19,P336678,Obv,116,7,6,0,0,0
19,P336678,Obv,117,7,7,0,0,0
19,P336678,Obv,118,7,8,0,0,0
19,P336678,Obv,119,7,9,0,0,0
19,P336678,Obv,120,7,10,0,0,0
19,P336678,Obv,121,7,11,0,0,0
19,P336678,Obv,122,7,12,0,0,0
19,P336678,Obv,123,7,13,0,0,0
19,P336678,Obv,124,8,0,80,252,1
19,P336678,Obv,125,8,1,25,350,1
19,P336678,Obv,126,8,2,38,808,2
19,P336678,Obv,127,8,3,0,0,0
19,P336678,Obv,128,8,4,0,0,0
19,P336678,Obv,129,8,5,0,0,0
19,P336678,Obv,130,8,6,0,0,0
19,P336678,Obv,131,8,7,0,0,0
19,P336678,Obv,132,8,8,0,0,0
19,P336678,Obv,133,8,9,0,0,0
19,P336678,Obv,134,8,10,0,0,0
19,P336678,Obv,135,8,11,0,0,0
19,P336678,Obv,136,8,12,0,0,0
19,P336678,Obv,137,8,13,0,0,0
19,P336678,Obv,138,8,14,0,0,0
19,P336678,Obv,139,8,15,0,0,0
60,P334828,Obv,0,0,0,353,813,1
60,P334828,Obv,1,0,1,21,358,1
60,P334828,Obv,2,0,2,148,566,0
60,P334828,Obv,3,0,3,98,578,0
60,P334828,Obv,4,0,4,85,690,0
60,P334828,Obv,5,0,5,13,552,0
60,P334828,Obv,6,0,6,100,737,2
60,P334828,Obv,7,0,7,11,839,1
60,P334828,Obv,8,0,8,11,839,1
60,P334828,Obv,9,1,0,100,737,1
60,P334828,Obv,10,1,1,80,252,1
60,P334828,Obv,11,1,2,26,10,1
60,P334828,Obv,12,1,3,62,380,0
60,P334828,Obv,13,1,4,80,252,0
60,P334828,Obv,14,1,5,26,10,0
60,P334828,Obv,15,1,6,80,252,2
60,P334828,Obv,16,1,7,52,298,1
60,P334828,Obv,17,1,8,21,358,1
60,P334828,Obv,18,2,0,13,552,1
60,P334828,Obv,19,2,1,11,839,1
60,P334828,Obv,20,2,2,183,258,1
60,P334828,Obv,21,2,3,5,248,2
60,P334828,Obv,22,2,4,158,485,0
60,P334828,Obv,23,2,5,183,258,0
60,P334828,Obv,24,2,6,76,142,1
60,P334828,Obv,25,2,7,58,24,1
60,P334828,Obv,26,3,0,220,861,1
60,P334828,Obv,27,3,1,10,869,1
60,P334828,Obv,28,3,2,364,862,1
60,P334828,Obv,29,3,3,10,869,1
60,P334828,Obv,30,3,4,156,136,1
60,P334828,Obv,31,3,5,77,736,0
60,P334828,Obv,32,3,6,21,358,2
60,P334828,Obv,33,3,7,121,560,1
60,P334828,Obv,34,3,8,65,561,1
60,P334828,Obv,35,3,9,11,839,1
60,P334828,Obv,36,3,10,18,589,1
60,P334828,Obv,37,4,0,13,552,1
60,P334828,Obv,38,4,1,11,839,1
60,P334828,Obv,39,4,2,5,248,1
60,P334828,Obv,40,4,3,211,663,1
60,P334828,Obv,41,4,4,28,469,1
60,P334828,Obv,42,4,5,128,502,0
60,P334828,Obv,43,4,6,26,10,1
60,P334828,Obv,44,4,7,83,118,1
60,P334828,Obv,45,4,8,183,258,1
60,P334828,Obv,46,4,9,76,142,1
60,P334828,Obv,47,4,10,58,24,1
60,P334828,Obv,48,5,0,13,552,1
60,P334828,Obv,49,5,1,11,839,1
60,P334828,Obv,50,5,2,112,585,1
60,P334828,Obv,51,5,3,148,566,1
60,P334828,Obv,52,5,4,2,1,1
60,P334828,Obv,53,5,5,27,599,1
60,P334828,Obv,54,5,6,21,358,1
60,P334828,Obv,55,5,7,1,859,1
60,P334828,Obv,56,5,8,115,297,1
60,P334828,Obv,57,5,9,89,172,1
60,P334828,Obv,58,5,10,183,258,1
60,P334828,Obv,59,5,11,65,561,1
60,P334828,Obv,60,6,0,116,223,1
60,P334828,Obv,61,6,1,5,248,1
60,P334828,Obv,62,6,2,176,221,1
60,P334828,Obv,63,6,3,161,731,1
60,P334828,Obv,64,6,4,13,552,1
60,P334828,Obv,65,6,5,11,839,1
60,P334828,Obv,66,6,6,28,469,1
60,P334828,Obv,67,6,7,128,502,1
60,P334828,Obv,68,6,8,26,10,1
60,P334828,Obv,69,6,9,48,86,1
60,P334828,Obv,70,7,0,174,636,1
60,P334828,Obv,71,7,1,18,589,1
60,P334828,Obv,72,7,2,155,598,1
60,P334828,Obv,73,7,3,161,731,1
60,P334828,Obv,74,7,4,13,552,1
60,P334828,Obv,75,7,5,11,839,1
60,P334828,Obv,76,7,6,98,578,1
60,P334828,Obv,77,7,7,85,690,1
60,P334828,Obv,78,7,8,13,552,1
60,P334828,Obv,79,7,9,100,737,1
57,P334828,Rev,0,0,0,80,252,1
57,P334828,Rev,1,0,1,137,466,1
57,P334828,Rev,2,0,2,230,685,1
57,P334828,Rev,3,0,3,13,552,1
57,P334828,Rev,4,0,4,11,839,1
57,P334828,Rev,5,0,5,100,737,1
57,P334828,Rev,6,0,6,80,252,1
57,P334828,Rev,7,0,7,26,10,1
57,P334828,Rev,8,0,8,62,380,1
57,P334828,Rev,9,0,9,80,252,1
57,P334828,Rev,10,1,0,98,578,1
57,P334828,Rev,11,1,1,85,690,1
57,P334828,Rev,12,1,2,13,552,1
57,P334828,Rev,13,1,3,100,737,1
57,P334828,Rev,14,1,4,11,839,1
57,P334828,Rev,15,1,5,219,576,1
57,P334828,Rev,16,1,6,181,483,1
7,P333952,Obv,0,0,0,0,0,0
7,P333952,Obv,1,0,1,0,0,0
7,P333952,Obv,2,0,2,0,0,0
7,P333952,Obv,3,0,3,0,0,0
7,P333952,Obv,4,0,4,0,0,0
7,P333952,Obv,5,0,5,0,0,0
7,P333952,Obv,6,0,6,126,496,1
7,P333952,Obv,7,0,7,62,380,1
7,P333952,Obv,8,0,8,18,589,1
7,P333952,Obv,9,1,0,0,0,0
7,P333952,Obv,10,1,1,0,0,0
7,P333952,Obv,11,1,2,0,0,0
7,P333952,Obv,12,1,3,0,0,0
7,P333952,Obv,13,1,4,0,0,0
7,P333952,Obv,14,1,5,237,262,1
7,P333952,Obv,15,1,6,98,578,1
7,P333952,Obv,16,2,0,0,0,0
7,P333952,Obv,17,2,1,0,0,0
7,P333952,Obv,18,2,2,0,0,0
7,P333952,Obv,19,2,3,0,0,0
7,P333952,Obv,20,2,4,100,737,2
7,P333952,Obv,21,2,5,126,496,1
7,P333952,Obv,22,2,6,62,380,1
7,P333952,Obv,23,3,0,14,748,0
7,P333952,Obv,24,3,1,2,1,0
7,P333952,Obv,25,3,2,194,151,0
7,P333952,Obv,26,3,3,140,92,0
7,P333952,Obv,27,3,4,2,1,1
7,P333952,Obv,28,3,5,119,266,1
7,P333952,Obv,29,3,6,98,578,1
7,P333952,Obv,30,3,7,98,578,1
7,P333952,Obv,31,4,0,108,89,0
7,P333952,Obv,32,4,1,5,248,2
7,P333952,Obv,33,4,2,113,464,1
7,P333952,Obv,34,4,3,177,494,1
7,P333952,Obv,35,5,0,11,839,2
7,P333952,Obv,36,5,1,11,839,2
7,P333952,Obv,37,5,2,103,635,1
7,P333952,Obv,38,5,3,1,859,1
7,P333952,Obv,39,5,4,11,839,1
7,P333952,Obv,40,5,5,8,111,1
7,P333952,Obv,41,5,6,148,566,1
7,P333952,Obv,42,5,7,80,252,1
7,P333952,Obv,43,5,8,77,736,1
7,P333952,Obv,44,5,9,24,14,1
7,P333952,Obv,45,5,10,58,24,1
7,P333952,Obv,46,5,11,11,839,1
7,P333952,Obv,47,5,12,62,380,1
7,P333952,Obv,48,6,0,11,839,1
7,P333952,Obv,49,6,1,97,99,1
7,P333952,Obv,50,6,2,87,580,1
7,P333952,Obv,51,6,3,10,869,1
7,P333952,Obv,52,6,4,108,89,1
7,P333952,Obv,53,6,5,20,127,1
7,P333952,Obv,54,6,6,73,16,1
7,P333952,Obv,55,6,7,87,580,1
7,P333952,Obv,56,6,8,16,661,1
7,P333952,Obv,57,6,9,62,380,1
7,P333952,Obv,58,7,0,4,110,1
7,P333952,Obv,59,7,1,58,24,1
7,P333952,Obv,60,7,2,8,111,1
7,P333952,Obv,61,7,3,18,589,1
7,P333952,Obv,62,7,4,58,24,1
7,P333952,Obv,63,8,0,100,737,1
7,P333952,Obv,64,8,1,80,252,1
7,P333952,Obv,65,8,2,1,859,1
7,P333952,Obv,66,8,3,174,636,1
7,P333952,Obv,67,8,4,96,567,1
7,P333952,Obv,68,8,5,76,142,1
7,P333952,Obv,69,8,6,148,566,1
7,P333952,Obv,70,8,7,205,20,1
7,P333952,Obv,71,8,8,373,905,1
7,P333952,Obv,72,9,0,2,1,1
7,P333952,Obv,73,9,1,79,724,1
7,P333952,Obv,74,9,2,185,701,1
7,P333952,Obv,75,9,3,51,825,1
7,P333952,Obv,76,9,4,56,754,1
7,P333952,Obv,77,9,5,58,24,1
7,P333952,Obv,78,9,6,80,252,1
7,P333952,Obv,79,9,7,126,496,1
7,P333952,Obv,80,9,8,102,491,1
7,P333952,Obv,81,9,9,42,511,1
7,P333952,Obv,82,9,10,8,111,1
7,P333952,Obv,83,10,0,26,10,1
7,P333952,Obv,84,10,1,150,562,1
7,P333952,Obv,85,10,2,35,553,1
7,P333952,Obv,86,10,3,39,596,1
7,P333952,Obv,87,10,4,11,839,1
7,P333952,Obv,88,10,5,4,110,1
7,P333952,Obv,89,10,6,38,808,1
7,P333952,Obv,90,11,0,11,839,1
7,P333952,Obv,91,11,1,4,110,1
7,P333952,Obv,92,11,2,38,808,1
7,P333952,Obv,93,11,3,26,10,1
7,P333952,Obv,94,11,4,95,747,1
7,P333952,Obv,95,11,5,148,566,1
7,P333952,Obv,96,11,6,193,71,1
7,P333952,Obv,97,11,7,281,215,1
7,P333952,Obv,98,11,8,26,10,1
7,P333952,Obv,99,12,0,148,566,1
7,P333952,Obv,100,12,1,4,110,1
7,P333952,Obv,101,12,2,58,24,1
7,P333952,Obv,102,12,3,8,111,1
7,P333952,Obv,103,12,4,18,589,1
7,P333952,Obv,104,12,5,58,24,1
7,P333952,Obv,105,13,0,2,1,1
7,P333952,Obv,106,13,1,79,724,1
7,P333952,Obv,107,13,2,185,701,1
7,P333952,Obv,108,13,3,51,825,1
7,P333952,Obv,109,13,4,56,754,1
7,P333952,Obv,110,13,5,58,24,1
7,P333952,Obv,111,13,6,20,127,1
7,P333952,Obv,112,13,7,198,590,1
7,P333952,Obv,113,13,8,8,111,1
7,P333952,Obv,114,13,9,16,661,1
7,P333952,Obv,115,13,10,62,380,1
7,P333952,Obv,116,14,0,11,839,1
7,P333952,Obv,117,14,1,11,839,1
7,P333952,Obv,118,14,2,30,490,1
7,P333952,Obv,119,14,3,18,589,1
7,P333952,Obv,120,14,4,77,736,1
7,P333952,Obv,121,14,5,114,807,1
7,P333952,Obv,122,14,6,21,358,1
7,P333952,Obv,123,14,7,84,260,1
7,P333952,Obv,124,15,0,148,566,1
7,P333952,Obv,125,15,1,20,127,1
7,P333952,Obv,126,15,2,97,99,1
7,P333952,Obv,127,15,3,24,14,1
7,P333952,Obv,128,15,4,124,253,1
7,P333952,Obv,129,15,5,62,380,1
7,P333952,Obv,130,16,0,2,1,1
7,P333952,Obv,131,16,1,211,663,1
7,P333952,Obv,132,16,2,94,631,1
7,P333952,Obv,133,16,3,108,89,1
7,P333952,Obv,134,16,4,5,248,1
7,P333952,Obv,135,16,5,110,140,1
7,P333952,Obv,136,16,6,109,15,1
7,P333952,Obv,137,16,7,16,661,1
7,P333952,Obv,138,16,8,62,380,1
7,P333952,Obv,139,17,0,11,839,1
7,P333952,Obv,140,17,1,4,110,1
7,P333952,Obv,141,17,2,38,808,1
7,P333952,Obv,142,17,3,26,10,1
7,P333952,Obv,143,17,4,95,747,1
7,P333952,Obv,144,17,5,148,566,1
7,P333952,Obv,145,17,6,193,71,1
7,P333952,Obv,146,17,7,281,215,1
7,P333952,Obv,147,17,8,26,10,1
7,P333952,Obv,148,18,0,4,110,1
7,P333952,Obv,149,18,1,58,24,1
7,P333952,Obv,150,18,2,8,111,1
7,P333952,Obv,151,18,3,18,589,1
7,P333952,Obv,152,18,4,58,24,1
7,P333952,Obv,153,18,5,30,490,1
7,P333952,Obv,154,18,6,58,24,1
7,P333952,Obv,155,18,7,11,839,1
7,P333952,Obv,156,18,8,68,851,1
7,P333952,Obv,157,19,0,11,839,1
7,P333952,Obv,158,19,1,65,561,1
7,P333952,Obv,159,19,2,4,110,1
7,P333952,Obv,160,19,3,58,24,1
7,P333952,Obv,161,19,4,0,0,1
7,P333952,Obv,162,19,5,11,839,1
7,P333952,Obv,163,19,6,4,110,1
7,P333952,Obv,164,19,7,38,808,1
7,P333952,Obv,165,20,0,26,10,1
7,P333952,Obv,166,20,1,95,747,1
7,P333952,Obv,167,20,2,148,566,1
7,P333952,Obv,168,20,3,193,71,1
7,P333952,Obv,169,20,4,281,215,1
7,P333952,Obv,170,20,5,26,10,1
7,P333952,Obv,171,21,0,2,1,1
7,P333952,Obv,172,21,1,113,464,1
7,P333952,Obv,173,21,2,4,110,1
7,P333952,Obv,174,21,3,48,86,1
7,P333952,Obv,175,21,4,16,661,1
7,P333952,Obv,176,21,5,58,24,1
7,P333952,Obv,177,22,0,2,1,1
7,P333952,Obv,178,22,1,38,808,1
7,P333952,Obv,179,22,2,76,142,1
7,P333952,Obv,180,22,3,23,85,1
7,P333952,Obv,181,22,4,58,24,1
7,P333952,Obv,182,23,0,11,839,1
7,P333952,Obv,183,23,1,108,89,1
7,P333952,Obv,184,23,2,58,24,1
7,P333952,Obv,185,23,3,108,89,1
7,P333952,Obv,186,23,4,5,248,1
7,P333952,Obv,187,23,5,113,464,1
7,P333952,Obv,188,23,6,177,494,1
7,P333952,Obv,189,24,0,183,258,1
7,P333952,Obv,190,24,1,5,248,1
7,P333952,Obv,191,24,2,2,1,1
7,P333952,Obv,192,24,3,27,599,1
7,P333952,Obv,193,24,4,21,358,1
7,P333952,Obv,194,24,5,41,98,1
7,P333952,Obv,195,24,6,7,141,1
7,P333952,Obv,196,25,0,11,839,1
7,P333952,Obv,197,25,1,4,110,1
7,P333952,Obv,198,25,2,38,808,1
7,P333952,Obv,199,25,3,2,1,1
7,P333952,Obv,200,25,4,27,599,1
7,P333952,Obv,201,25,5,21,358,1
7,P333952,Obv,202,25,6,346,766,1
7,P333952,Obv,203,25,7,16,661,1
7,P333952,Obv,204,25,8,11,839,1
7,P333952,Obv,205,26,0,11,839,1
7,P333952,Obv,206,26,1,5,248,1
7,P333952,Obv,207,26,2,116,223,1
7,P333952,Obv,208,26,3,21,358,1
7,P333952,Obv,209,26,4,30,490,1
7,P333952,Obv,210,26,5,137,466,1
7,P333952,Obv,211,27,0,148,566,1
7,P333952,Obv,212,27,1,155,598,1
7,P333952,Obv,213,27,2,80,252,1
7,P333952,Obv,214,27,3,14,748,1
7,P333952,Obv,215,27,4,26,10,1
7,P333952,Obv,216,27,5,95,747,1
7,P333952,Obv,217,27,6,108,89,1
7,P333952,Obv,218,27,7,5,248,1
7,P333952,Obv,219,27,8,79,724,1
7,P333952,Obv,220,27,9,84,260,1
7,P333952,Obv,221,27,10,183,258,1
7,P333952,Obv,222,28,0,36,255,1
7,P333952,Obv,223,28,1,193,71,1
7,P333952,Obv,224,28,2,281,215,1
7,P333952,Obv,225,28,3,26,10,1
7,P333952,Obv,226,29,0,119,266,1
7,P333952,Obv,227,29,1,98,578,1
7,P333952,Obv,228,29,2,2,1,1
7,P333952,Obv,229,29,3,194,151,1
7,P333952,Obv,230,29,4,108,89,1
7,P333952,Obv,231,29,5,5,248,1
7,P333952,Obv,232,29,6,113,464,1
7,P333952,Obv,233,29,7,177,494,1
7,P333952,Obv,234,30,0,4,110,1
7,P333952,Obv,235,30,1,20,127,1
7,P333952,Obv,236,30,2,8,111,1
7,P333952,Obv,237,30,3,148,566,1
7,P333952,Obv,238,30,4,173,708,1
7,P333952,Obv,239,30,5,98,578,1
7,P333952,Obv,240,30,6,2,1,1
7,P333952,Obv,241,30,7,194,151,1
7,P333952,Obv,242,31,0,11,839,2
7,P333952,Obv,243,31,1,4,110,1
7,P333952,Obv,244,31,2,65,561,1
7,P333952,Obv,245,31,3,24,14,1
7,P333952,Obv,246,31,4,174,636,1
7,P333952,Obv,247,31,5,94,631,1
7,P333952,Obv,248,31,6,11,839,1
7,P333952,Obv,249,31,7,65,561,1
7,P333952,Obv,250,31,8,4,110,1
7,P333952,Obv,251,32,0,2,1,0
7,P333952,Obv,252,32,1,3,495,2
7,P333952,Obv,253,32,2,76,142,1
7,P333952,Obv,254,32,3,25,350,1
7,P333952,Obv,255,32,4,18,589,1
7,P333952,Obv,256,32,5,58,24,1
7,P333952,Obv,257,33,0,30,490,0
7,P333952,Obv,258,33,1,5,248,0
7,P333952,Obv,259,33,2,97,99,2
7,P333952,Obv,260,33,3,26,10,1
7,P333952,Obv,261,33,4,58,24,1
7,P333952,Obv,262,34,0,30,490,0
7,P333952,Obv,263,34,1,42,511,0
7,P333952,Obv,264,34,2,24,14,0
7,P333952,Obv,265,34,3,20,127,1
7,P333952,Obv,266,34,4,58,24,1
7,P333952,Obv,267,35,0,0,0,0
7,P333952,Obv,268,35,1,0,0,0
7,P333952,Obv,269,35,2,0,0,0
7,P333952,Obv,270,35,3,35,553,2
7,P333952,Obv,271,35,4,48,86,1
7,P333952,Obv,272,35,5,11,839,1
7,P333952,Obv,273,35,6,4,110,1
7,P333952,Obv,274,35,7,38,808,1
7,P333952,Obv,275,36,0,11,839,0
7,P333952,Obv,276,36,1,4,110,0
7,P333952,Obv,277,36,2,38,808,0
7,P333952,Obv,278,36,3,26,10,0
7,P333952,Obv,279,36,4,95,747,0
7,P333952,Obv,280,36,5,148,566,2
7,P333952,Obv,281,36,6,193,71,1
7,P333952,Obv,282,36,7,281,215,1
7,P333952,Obv,283,36,8,26,10,1
7,P333952,Obv,284,37,0,0,0,0
7,P333952,Obv,285,37,1,0,0,0
7,P333952,Obv,286,37,2,0,0,0
7,P333952,Obv,287,37,3,0,0,0
7,P333952,Obv,288,37,4,0,0,0
7,P333952,Obv,289,37,5,5,248,2
7,P333952,Obv,290,37,6,27,599,2
7,P333952,Obv,291,37,7,21,358,2
7,P333952,Obv,292,37,8,10,869,1
7,P333952,Obv,293,38,0,0,0,0
7,P333952,Obv,294,38,1,0,0,0
7,P333952,Obv,295,38,2,0,0,0
7,P333952,Obv,296,38,3,0,0,0
7,P333952,Obv,297,38,4,0,0,0
7,P333952,Obv,298,38,5,0,0,0
7,P333952,Obv,299,38,6,0,0,0
7,P333952,Obv,300,38,7,0,0,2
7,P333952,Obv,301,38,8,10,869,1
7,P333952,Obv,302,39,0,0,0,0
7,P333952,Obv,303,39,1,0,0,0
7,P333952,Obv,304,39,2,0,0,2
7,P333952,Obv,305,39,3,0,0,0
7,P333952,Obv,306,39,4,0,0,0
7,P333952,Obv,307,39,5,0,0,0
7,P333952,Obv,308,39,6,0,0,0
7,P333952,Obv,309,39,7,0,0,0
7,P333952,Obv,310,39,8,0,0,0
7,P333952,Obv,311,39,9,0,0,0
7,P333952,Obv,312,40,0,11,839,2
7,P333952,Obv,313,40,1,11,839,2
7,P333952,Obv,314,40,2,103,635,1
7,P333952,Obv,315,40,3,0,0,2
7,P333952,Obv,316,40,4,0,0,0
7,P333952,Obv,317,40,5,0,0,0
7,P333952,Obv,318,40,6,0,0,0
7,P333952,Obv,319,40,7,0,0,0
7,P333952,Obv,320,40,8,0,0,0
7,P333952,Obv,321,40,9,0,0,0
7,P333952,Obv,322,41,0,108,89,1
7,P333952,Obv,323,41,1,57,548,1
7,P333952,Obv,324,41,2,81,753,1
7,P333952,Obv,325,41,3,58,24,2
7,P333952,Obv,326,41,4,4,110,0
7,P333952,Obv,327,41,5,58,24,0
7,P333952,Obv,328,41,6,8,111,0
7,P333952,Obv,329,41,7,18,589,0
7,P333952,Obv,330,42,0,2,1,1
7,P333952,Obv,331,42,1,107,181,1
7,P333952,Obv,332,42,2,102,491,1
7,P333952,Obv,333,42,3,42,511,2
7,P333952,Obv,334,42,4,18,589,0
7,P333952,Obv,335,42,5,89,172,0
7,P333952,Obv,336,42,6,159,474,0
7,P333952,Obv,337,42,7,41,98,0
7,P333952,Obv,338,42,8,83,118,0
7,P333952,Obv,339,43,0,2,1,1
7,P333952,Obv,340,43,1,13,552,1
7,P333952,Obv,341,43,2,65,561,1
7,P333952,Obv,342,43,3,4,110,0
7,P333952,Obv,343,43,4,83,118,0
7,P333952,Obv,344,43,5,0,0,0
7,P333952,Obv,345,43,6,0,0,0
7,P333952,Obv,346,44,0,4,110,1
7,P333952,Obv,347,44,1,198,590,1
7,P333952,Obv,348,44,2,144,726,1
7,P333952,Obv,349,44,3,58,24,1
7,P333952,Obv,350,44,4,2,1,1
7,P333952,Obv,351,44,5,27,599,2
7,P333952,Obv,352,44,6,97,99,0
7,P333952,Obv,353,44,7,42,511,0
7,P333952,Obv,354,44,8,21,358,0
7,P333952,Obv,355,45,0,19,498,1
7,P333952,Obv,356,45,1,65,561,1
7,P333952,Obv,357,45,2,62,380,1
7,P333952,Obv,358,45,3,103,635,1
7,P333952,Obv,359,45,4,20,127,1
7,P333952,Obv,360,45,5,5,248,2
7,P333952,Obv,361,45,6,1,859,0
7,P333952,Obv,362,45,7,183,258,0
7,P333952,Obv,363,46,0,30,490,1
7,P333952,Obv,364,46,1,5,248,1
7,P333952,Obv,365,46,2,100,737,1
7,P333952,Obv,366,46,3,296,348,1
7,P333952,Obv,367,46,4,58,24,1
7,P333952,Obv,368,46,5,108,89,1
7,P333952,Obv,369,46,6,45,381,1
7,P333952,Obv,370,46,7,24,14,1
7,P333952,Obv,371,46,8,38,808,0
7,P333952,Obv,372,47,0,148,566,1
7,P333952,Obv,373,47,1,155,598,1
7,P333952,Obv,374,47,2,80,252,1
7,P333952,Obv,375,47,3,170,883,1
7,P333952,Obv,376,47,4,107,181,1
7,P333952,Obv,377,47,5,160,261,1
7,P333952,Obv,378,47,6,164,815,1
7,P333952,Obv,379,47,7,1,859,1
7,P333952,Obv,380,47,8,11,839,1
7,P333952,Obv,381,47,9,187,644,1
7,P333952,Obv,382,48,0,36,255,1
7,P333952,Obv,383,48,1,170,883,1
7,P333952,Obv,384,48,2,193,71,1
7,P333952,Obv,385,48,3,281,215,1
7,P333952,Obv,386,48,4,26,10,1
7,P333952,Obv,387,49,0,76,142,1
7,P333952,Obv,388,49,1,80,252,1
7,P333952,Obv,389,49,2,1,859,1
7,P333952,Obv,390,49,3,20,127,1
7,P333952,Obv,391,49,4,5,248,1
7,P333952,Obv,392,49,5,14,748,1
7,P333952,Obv,393,49,6,2,1,1
7,P333952,Obv,394,49,7,194,151,1
7,P333952,Obv,395,49,8,140,92,1
7,P333952,Obv,396,49,9,2,1,1
7,P333952,Obv,397,50,0,119,266,1
7,P333952,Obv,398,50,1,84,260,1
7,P333952,Obv,399,50,2,76,142,1
7,P333952,Obv,400,50,3,80,252,1
7,P333952,Obv,401,50,4,79,724,1
7,P333952,Obv,402,50,5,193,71,1
7,P333952,Obv,403,50,6,281,215,1
7,P333952,Obv,404,50,7,26,10,1
7,P333952,Obv,405,51,0,148,566,1
7,P333952,Obv,406,51,1,155,598,1
7,P333952,Obv,407,51,2,80,252,1
7,P333952,Obv,408,51,3,170,883,1
7,P333952,Obv,409,51,4,76,142,1
7,P333952,Obv,410,51,5,41,98,1
7,P333952,Obv,411,51,6,18,589,1
7,P333952,Obv,412,51,7,159,474,1
7,P333952,Obv,413,51,8,108,89,1
7,P333952,Obv,414,51,9,18,589,1
7,P333952,Obv,415,52,0,148,566,1
7,P333952,Obv,416,52,1,193,71,1
7,P333952,Obv,417,52,2,65,561,1
7,P333952,Obv,418,52,3,42,511,1
7,P333952,Obv,419,52,4,11,839,1
7,P333952,Obv,420,52,5,90,132,1
7,P333952,Obv,421,52,6,16,661,1
7,P333952,Obv,422,52,7,84,260,1
7,P333952,Obv,423,53,0,148,566,1
7,P333952,Obv,424,53,1,201,643,1
7,P333952,Obv,425,53,2,83,118,1
7,P333952,Obv,426,53,3,98,578,1
7,P333952,Obv,427,53,4,56,754,1
7,P333952,Obv,428,53,5,62,380,1
7,P333952,Obv,429,54,0,108,89,1
7,P333952,Obv,430,54,1,5,248,1
7,P333952,Obv,431,54,2,113,464,1
7,P333952,Obv,432,54,3,177,494,1
7,P333952,Obv,433,54,4,14,748,1
7,P333952,Obv,434,54,5,2,1,1
7,P333952,Obv,435,54,6,194,151,1
7,P333952,Obv,436,54,7,140,92,1
7,P333952,Obv,437,54,8,2,1,1
7,P333952,Obv,438,55,0,11,839,1
7,P333952,Obv,439,55,1,4,110,1
7,P333952,Obv,440,55,2,38,808,1
7,P333952,Obv,441,55,3,26,10,1
7,P333952,Obv,442,55,4,78,164,1
7,P333952,Obv,443,55,5,28,469,1
7,P333952,Obv,444,55,6,107,181,1
7,P333952,Obv,445,55,7,58,24,1
7,P333952,Obv,446,56,0,11,839,1
7,P333952,Obv,447,56,1,65,561,1
7,P333952,Obv,448,56,2,87,580,1
7,P333952,Obv,449,56,3,87,580,1
7,P333952,Obv,450,57,0,28,469,1
7,P333952,Obv,451,57,1,118,411,1
7,P333952,Obv,452,57,2,56,754,1
7,P333952,Obv,453,57,3,148,566,1
7,P333952,Obv,454,57,4,27,599,1
7,P333952,Obv,455,57,5,21,358,1
7,P333952,Obv,456,57,6,58,24,1
7,P333952,Obv,457,58,0,11,839,1
7,P333952,Obv,458,58,1,111,856,1
7,P333952,Obv,459,58,2,76,142,1
7,P333952,Obv,460,58,3,77,736,1
7,P333952,Obv,461,58,4,100,737,1
7,P333952,Obv,462,58,5,80,252,1
7,P333952,Obv,463,58,6,170,883,1
7,P333952,Obv,464,58,7,301,392,1
7,P333952,Obv,465,58,8,58,24,1
7,P333952,Obv,466,59,0,48,86,1
7,P333952,Obv,467,59,1,137,466,1
7,P333952,Obv,468,59,2,96,567,1
7,P333952,Obv,469,59,3,58,24,1
7,P333952,Obv,470,59,4,62,380,1
7,P333952,Obv,471,60,0,14,748,1
7,P333952,Obv,472,60,1,26,10,1
7,P333952,Obv,473,60,2,56,754,1
7,P333952,Obv,474,60,3,35,553,1
7,P333952,Obv,475,60,4,56,754,1
7,P333952,Obv,476,60,5,28,469,1
7,P333952,Obv,477,60,6,107,181,1
7,P333952,Obv,478,60,7,84,260,1
7,P333952,Obv,479,61,0,121,560,1
7,P333952,Obv,480,61,1,83,118,1
7,P333952,Obv,481,61,2,83,118,1
7,P333952,Obv,482,61,3,73,16,1
7,P333952,Obv,483,61,4,121,560,1
7,P333952,Obv,484,61,5,5,248,1
7,P333952,Obv,485,61,6,347,767,1
7,P333952,Obv,486,61,7,16,661,1
7,P333952,Obv,487,61,8,58,24,1
7,P333952,Obv,488,62,0,26,10,1
7,P333952,Obv,489,62,1,86,711,1
7,P333952,Obv,490,62,2,2,1,1
7,P333952,Obv,491,62,3,225,540,1
7,P333952,Obv,492,62,4,58,24,1
7,P333952,Obv,493,62,5,26,10,1
7,P333952,Obv,494,62,6,39,596,1
7,P333952,Obv,495,62,7,2,1,1
7,P333952,Obv,496,62,8,0,0,1
7,P333952,Obv,497,62,9,86,711,1
7,P333952,Obv,498,62,10,58,24,1
7,P333952,Obv,499,63,0,14,748,1
7,P333952,Obv,500,63,1,26,10,1
7,P333952,Obv,501,63,2,56,754,1
7,P333952,Obv,502,63,3,35,553,1
7,P333952,Obv,503,63,4,56,754,1
7,P333952,Obv,504,63,5,2,1,1
7,P333952,Obv,505,63,6,31,113,1
7,P333952,Obv,506,63,7,83,118,1
7,P333952,Obv,507,63,8,31,113,1
7,P333952,Obv,508,63,9,83,118,1
7,P333952,Obv,509,63,10,58,24,1
7,P333952,Obv,510,64,0,80,252,1
7,P333952,Obv,511,64,1,68,851,1
7,P333952,Obv,512,64,2,109,15,1
7,P333952,Obv,513,64,3,158,485,1
7,P333952,Obv,514,64,4,58,24,1
7,P333952,Obv,515,64,5,165,437,1
7,P333952,Obv,516,64,6,176,221,1
7,P333952,Obv,517,64,7,73,16,1
7,P333952,Obv,518,65,0,2,1,1
7,P333952,Obv,519,65,1,211,663,1
7,P333952,Obv,520,65,2,11,839,1
7,P333952,Obv,521,65,3,81,753,1
7,P333952,Obv,522,65,4,82,812,1
7,P333952,Obv,523,65,5,83,118,1
7,P333952,Obv,524,65,6,108,89,1
7,P333952,Obv,525,65,7,5,248,1
7,P333952,Obv,526,65,8,176,221,1
7,P333952,Obv,527,65,9,117,755,1
7,P333952,Obv,528,66,0,41,98,1
7,P333952,Obv,529,66,1,48,86,1
7,P333952,Obv,530,66,2,174,636,1
7,P333952,Obv,531,66,3,79,724,1
7,P333952,Obv,532,66,4,51,825,1
7,P333952,Obv,533,66,5,56,754,1
7,P333952,Obv,534,66,6,58,24,1
7,P333952,Obv,535,67,0,11,839,1
7,P333952,Obv,536,67,1,4,110,1
7,P333952,Obv,537,67,2,11,839,1
7,P333952,Obv,538,67,3,11,839,1
7,P333952,Obv,539,67,4,79,724,1
7,P333952,Obv,540,67,5,25,350,1
7,P333952,Obv,541,67,6,168,682,1
7,P333952,Obv,542,67,7,26,10,1
7,P333952,Obv,543,67,8,62,380,1
7,P333952,Obv,544,68,0,11,839,1
7,P333952,Obv,545,68,1,4,110,1
7,P333952,Obv,546,68,2,38,808,1
7,P333952,Obv,547,68,3,26,10,1
7,P333952,Obv,548,68,4,95,747,1
7,P333952,Obv,549,68,5,148,566,1
7,P333952,Obv,550,68,6,193,71,1
7,P333952,Obv,551,68,7,281,215,1
7,P333952,Obv,552,68,8,26,10,1
7,P333952,Obv,553,69,0,2,1,1
7,P333952,Obv,554,69,1,194,151,1
7,P333952,Obv,555,69,2,28,469,1
7,P333952,Obv,556,69,3,107,181,1
7,P333952,Obv,557,69,4,58,24,1
7,P333952,Obv,558,69,5,30,490,1
7,P333952,Obv,559,69,6,89,172,1
7,P333952,Obv,560,69,7,79,724,1
7,P333952,Obv,561,70,0,195,259,1
7,P333952,Obv,562,70,1,94,631,1
7,P333952,Obv,563,70,2,42,511,1
7,P333952,Obv,564,70,3,58,24,1
7,P333952,Obv,565,70,4,11,839,1
7,P333952,Obv,566,70,5,5,248,1
7,P333952,Obv,567,70,6,68,851,1
7,P333952,Obv,568,70,7,20,127,1
7,P333952,Obv,569,70,8,58,24,1
7,P333952,Obv,570,71,0,108,89,1
7,P333952,Obv,571,71,1,5,248,1
7,P333952,Obv,572,71,2,113,464,1
7,P333952,Obv,573,71,3,177,494,1
7,P333952,Obv,574,71,4,4,110,1
7,P333952,Obv,575,71,5,80,252,1
7,P333952,Obv,576,71,6,65,561,1
7,P333952,Obv,577,71,7,11,839,1
7,P333952,Obv,578,71,8,62,380,1
7,P333952,Obv,579,72,0,11,839,1
7,P333952,Obv,580,72,1,11,839,1
7,P333952,Obv,581,72,2,103,635,1
7,P333952,Obv,582,72,3,96,567,1
7,P333952,Obv,583,72,4,30,490,1
7,P333952,Obv,584,72,5,4,110,1
7,P333952,Obv,585,72,6,20,127,1
7,P333952,Obv,586,72,7,8,111,1
7,P333952,Obv,587,73,0,148,566,1
7,P333952,Obv,588,73,1,80,252,1
7,P333952,Obv,589,73,2,77,736,1
7,P333952,Obv,590,73,3,24,14,1
7,P333952,Obv,591,73,4,124,253,1
7,P333952,Obv,592,73,5,62,380,1
7,P333952,Obv,593,74,0,11,839,1
7,P333952,Obv,594,74,1,4,110,1
7,P333952,Obv,595,74,2,38,808,1
7,P333952,Obv,596,74,3,97,99,1
7,P333952,Obv,597,74,4,108,89,1
7,P333952,Obv,598,74,5,38,808,1
7,P333952,Obv,599,74,6,16,661,1
7,P333952,Obv,600,74,7,62,380,1
7,P333952,Obv,601,75,0,88,828,1
7,P333952,Obv,602,75,1,100,737,1
7,P333952,Obv,603,75,2,30,490,1
7,P333952,Obv,604,75,3,18,589,1
7,P333952,Obv,605,75,4,82,812,1
7,P333952,Obv,606,75,5,16,661,1
7,P333952,Obv,607,75,6,100,737,1
7,P333952,Obv,608,75,7,80,252,1
7,P333952,Obv,609,75,8,113,464,1
7,P333952,Obv,610,75,9,62,380,1
7,P333952,Obv,611,75,10,16,661,1
7,P333952,Obv,612,75,11,18,589,1
7,P333952,Obv,613,76,0,11,839,1
7,P333952,Obv,614,76,1,4,110,1
7,P333952,Obv,615,76,2,38,808,1
7,P333952,Obv,616,76,3,26,10,1
7,P333952,Obv,617,76,4,113,464,1
7,P333952,Obv,618,76,5,78,164,1
7,P333952,Obv,619,76,6,139,543,1
7,P333952,Obv,620,76,7,61,242,1
7,P333952,Obv,621,76,8,155,598,1
7,P333952,Obv,622,77,0,4,110,1
7,P333952,Obv,623,77,1,80,252,1
7,P333952,Obv,624,77,2,65,561,1
7,P333952,Obv,625,77,3,11,839,1
7,P333952,Obv,626,77,4,62,380,1
7,P333952,Obv,627,78,0,148,566,1
7,P333952,Obv,628,78,1,155,598,1
7,P333952,Obv,629,78,2,80,252,1
7,P333952,Obv,630,78,3,170,883,1
7,P333952,Obv,631,78,4,24,14,1
7,P333952,Obv,632,78,5,84,260,1
7,P333952,Obv,633,78,6,11,839,1
7,P333952,Obv,634,78,7,36,255,1
7,P333952,Obv,635,78,8,193,71,1
7,P333952,Obv,636,78,9,281,215,1
7,P333952,Obv,637,78,10,26,10,1
7,P333952,Obv,638,79,0,38,808,1
7,P333952,Obv,639,79,1,0,0,0
7,P333952,Obv,640,79,2,0,0,0
7,P333952,Obv,641,79,3,0,0,0
7,P333952,Obv,642,79,4,0,0,0
7,P333952,Obv,643,79,5,0,0,0
7,P333952,Obv,644,79,6,0,0,0
7,P333952,Obv,645,79,7,0,0,0
7,P333952,Obv,646,79,8,0,0,0
7,P333952,Obv,647,79,9,0,0,0
7,P333952,Obv,648,80,0,11,839,1
7,P333952,Obv,649,80,1,4,110,1
7,P333952,Obv,650,80,2,38,808,2
7,P333952,Obv,651,80,3,11,839,2
7,P333952,Obv,652,80,4,0,0,0
7,P333952,Obv,653,80,5,0,0,0
7,P333952,Obv,654,80,6,0,0,0
7,P333952,Obv,655,80,7,0,0,0
7,P333952,Obv,656,81,0,183,258,1
7,P333952,Obv,657,81,1,5,248,1
7,P333952,Obv,658,81,2,76,142,1
7,P333952,Obv,659,81,3,0,0,0
7,P333952,Obv,660,81,4,0,0,0
7,P333952,Obv,661,81,5,0,0,0
7,P333952,Obv,662,81,6,0,0,0
7,P333952,Obv,663,82,0,11,839,1
7,P333952,Obv,664,82,1,4,110,1
7,P333952,Obv,665,82,2,38,808,1
7,P333952,Obv,666,82,3,26,10,1
7,P333952,Obv,667,82,4,151,887,2
7,P333952,Obv,668,82,5,99,484,0
7,P333952,Obv,669,82,6,0,0,0
7,P333952,Obv,670,83,0,148,566,1
7,P333952,Obv,671,83,1,155,598,1
7,P333952,Obv,672,83,2,80,252,1
7,P333952,Obv,673,83,3,170,883,1
7,P333952,Obv,674,83,4,26,10,1
7,P333952,Obv,675,83,5,89,172,1
7,P333952,Obv,676,83,6,11,839,1
7,P333952,Obv,677,83,7,187,644,2
7,P333952,Obv,678,84,0,193,71,1
7,P333952,Obv,679,84,1,27,599,1
7,P333952,Obv,680,84,2,193,71,1
7,P333952,Obv,681,84,3,11,839,1
7,P333952,Obv,682,84,4,11,839,0
7,P333952,Obv,683,85,0,11,839,1
7,P333952,Obv,684,85,1,4,110,1
7,P333952,Obv,685,85,2,38,808,1
7,P333952,Obv,686,85,3,26,10,1
7,P333952,Obv,687,85,4,95,747,1
7,P333952,Obv,688,85,5,148,566,1
7,P333952,Obv,689,85,6,193,71,2
7,P333952,Obv,690,85,7,281,215,0
7,P333952,Obv,691,85,8,26,10,0
7,P333952,Obv,692,86,0,14,748,1
7,P333952,Obv,693,86,1,2,1,1
7,P333952,Obv,694,86,2,194,151,1
7,P333952,Obv,695,86,3,140,92,1
7,P333952,Obv,696,86,4,2,1,1
7,P333952,Obv,697,86,5,173,708,1
7,P333952,Obv,698,86,6,98,578,1
7,P333952,Obv,699,86,7,2,1,2
7,P333952,Obv,700,86,8,194,151,0
7,P333952,Obv,701,87,0,2,1,1
7,P333952,Obv,702,87,1,193,71,1
7,P333952,Obv,703,87,2,27,599,1
7,P333952,Obv,704,87,3,193,71,1
7,P333952,Obv,705,87,4,193,71,1
7,P333952,Obv,706,87,5,284,236,2
7,P333952,Obv,707,88,0,193,71,1
7,P333952,Obv,708,88,1,126,496,1
7,P333952,Obv,709,88,2,111,856,1
7,P333952,Obv,710,88,3,193,71,1
7,P333952,Obv,711,88,4,281,215,1
7,P333952,Obv,712,88,5,26,10,2
7,P333952,Obv,713,89,0,39,596,1
7,P333952,Obv,714,89,1,56,754,1
7,P333952,Obv,715,89,2,144,726,1
7,P333952,Obv,716,89,3,38,808,1
7,P333952,Obv,717,89,4,16,661,1
7,P333952,Obv,718,89,5,18,589,2
7,P333952,Obv,719,90,0,41,98,1
7,P333952,Obv,720,90,1,26,10,1
7,P333952,Obv,721,90,2,4,110,1
7,P333952,Obv,722,90,3,56,754,1
7,P333952,Obv,723,90,4,65,561,1
7,P333952,Obv,724,90,5,42,511,1
7,P333952,Obv,725,90,6,18,589,2
7,P333952,Obv,726,91,0,11,839,1
7,P333952,Obv,727,91,1,4,110,1
7,P333952,Obv,728,91,2,14,748,1
7,P333952,Obv,729,91,3,2,1,1
7,P333952,Obv,730,91,4,194,151,1
7,P333952,Obv,731,91,5,140,92,1
7,P333952,Obv,732,91,6,2,1,1
7,P333952,Obv,733,91,7,119,266,1
7,P333952,Obv,734,91,8,84,260,2
7,P333952,Obv,735,92,0,11,839,1
7,P333952,Obv,736,92,1,65,561,1
7,P333952,Obv,737,92,2,26,10,1
7,P333952,Obv,738,92,3,4,110,1
7,P333952,Obv,739,92,4,0,0,0
7,P333952,Obv,740,93,0,89,172,1
7,P333952,Obv,741,93,1,116,223,1
7,P333952,Obv,742,93,2,73,16,1
7,P333952,Obv,743,93,3,178,504,1
7,P333952,Obv,744,93,4,5,248,1
7,P333952,Obv,745,93,5,58,24,2
7,P333952,Obv,746,94,0,42,511,1
7,P333952,Obv,747,94,1,21,358,1
7,P333952,Obv,748,94,2,48,86,1
7,P333952,Obv,749,94,3,11,839,1
7,P333952,Obv,750,94,4,4,110,1
7,P333952,Obv,751,94,5,38,808,1
7,P333952,Obv,752,95,0,41,98,1
7,P333952,Obv,753,95,1,43,579,1
7,P333952,Obv,754,95,2,0,0,2
7,P333952,Obv,755,95,3,5,248,1
7,P333952,Obv,756,95,4,58,24,1
7,P333952,Obv,757,96,0,77,736,1
7,P333952,Obv,758,96,1,156,136,1
7,P333952,Obv,759,96,2,39,596,1
7,P333952,Obv,760,96,3,11,839,1
7,P333952,Obv,761,96,4,4,110,1
7,P333952,Obv,762,96,5,38,808,1
7,P333952,Obv,763,97,0,148,566,1
7,P333952,Obv,764,97,1,39,596,1
7,P333952,Obv,765,97,2,81,753,1
7,P333952,Obv,766,97,3,144,726,1
7,P333952,Obv,767,97,4,38,808,1
7,P333952,Obv,768,97,5,18,589,1
7,P333952,Obv,769,98,0,41,98,1
7,P333952,Obv,770,98,1,26,10,1
7,P333952,Obv,771,98,2,4,110,1
7,P333952,Obv,772,98,3,56,754,1
7,P333952,Obv,773,98,4,65,561,1
7,P333952,Obv,774,98,5,42,511,1
7,P333952,Obv,775,98,6,18,589,1
7,P333952,Obv,776,99,0,28,469,1
7,P333952,Obv,777,99,1,370,891,1
7,P333952,Obv,778,99,2,68,851,1
7,P333952,Obv,779,99,3,58,24,1
7,P333952,Obv,780,99,4,2,1,1
7,P333952,Obv,781,99,5,100,737,1
7,P333952,Obv,782,99,6,5,248,1
7,P333952,Obv,783,99,7,26,10,1
7,P333952,Obv,784,99,8,19,498,1
7,P333952,Obv,785,100,0,42,511,1
7,P333952,Obv,786,100,1,87,580,1
7,P333952,Obv,787,100,2,18,589,1
7,P333952,Obv,788,100,3,287,296,1
7,P333952,Obv,789,100,4,83,118,1
7,P333952,Obv,790,100,5,160,261,1
7,P333952,Obv,791,101,0,2,1,1
7,P333952,Obv,792,101,1,13,552,1
7,P333952,Obv,793,101,2,107,181,1
7,P333952,Obv,794,101,3,100,737,1
7,P333952,Obv,795,101,4,148,566,1
7,P333952,Obv,796,101,5,131,745,1
7,P333952,Obv,797,101,6,7,141,1
7,P333952,Obv,798,102,0,2,1,1
7,P333952,Obv,799,102,1,158,485,1
7,P333952,Obv,800,102,2,26,10,1
7,P333952,Obv,801,102,3,19,498,1
7,P333952,Obv,802,102,4,11,839,1
7,P333952,Obv,803,102,5,111,856,1
7,P333952,Obv,804,102,6,76,142,1
7,P333952,Obv,805,102,7,77,736,1
7,P333952,Obv,806,103,0,17,112,1
7,P333952,Obv,807,103,1,88,828,1
7,P333952,Obv,808,103,2,148,566,1
7,P333952,Obv,809,103,3,296,348,1
7,P333952,Obv,810,103,4,81,753,1
7,P333952,Obv,811,103,5,79,724,1
7,P333952,Obv,812,104,0,2,1,1
7,P333952,Obv,813,104,1,79,724,1
7,P333952,Obv,814,104,2,14,748,1
7,P333952,Obv,815,104,3,2,1,1
7,P333952,Obv,816,104,4,194,151,1
7,P333952,Obv,817,104,5,140,92,1
7,P333952,Obv,818,104,6,2,1,1
7,P333952,Obv,819,104,7,173,708,1
7,P333952,Obv,820,104,8,98,578,1
7,P333952,Obv,821,104,9,2,1,1
7,P333952,Obv,822,104,10,194,151,1
7,P333952,Obv,823,105,0,30,490,1
7,P333952,Obv,824,105,1,1,859,1
7,P333952,Obv,825,105,2,4,110,1
7,P333952,Obv,826,105,3,13,552,1
7,P333952,Obv,827,105,4,42,511,1
7,P333952,Obv,828,106,0,100,737,1
7,P333952,Obv,829,106,1,80,252,1
7,P333952,Obv,830,106,2,11,839,1
7,P333952,Obv,831,106,3,7,141,1
7,P333952,Obv,832,106,4,19,498,1
7,P333952,Obv,833,106,5,148,566,1
7,P333952,Obv,834,106,6,104,184,1
7,P333952,Obv,835,106,7,25,350,1
7,P333952,Obv,836,106,8,84,260,1
7,P333952,Obv,837,107,0,11,839,1
7,P333952,Obv,838,107,1,111,856,1
7,P333952,Obv,839,107,2,76,142,1
7,P333952,Obv,840,107,3,73,16,1
7,P333952,Obv,841,108,0,108,89,1
7,P333952,Obv,842,108,1,5,248,1
7,P333952,Obv,843,108,2,113,464,1
7,P333952,Obv,844,108,3,177,494,1
7,P333952,Obv,845,108,4,119,266,1
7,P333952,Obv,846,109,0,20,127,1
7,P333952,Obv,847,109,1,77,736,1
7,P333952,Obv,848,109,2,24,14,1
7,P333952,Obv,849,109,3,20,127,1
7,P333952,Obv,850,110,0,108,89,1
7,P333952,Obv,851,110,1,115,297,1
7,P333952,Obv,852,110,2,23,85,1
7,P333952,Obv,853,110,3,58,24,2
7,P333952,Obv,854,111,0,30,490,1
7,P333952,Obv,855,111,1,5,248,1
7,P333952,Obv,856,111,2,100,737,1
7,P333952,Obv,857,111,3,296,348,2
7,P333952,Obv,858,111,4,58,24,0
7,P333952,Obv,859,112,0,108,89,1
7,P333952,Obv,860,112,1,30,490,1
7,P333952,Obv,861,112,2,24,14,1
7,P333952,Obv,862,112,3,57,548,1
7,P333952,Obv,863,112,4,58,24,0
7,P333952,Obv,864,113,0,11,839,1
7,P333952,Obv,865,113,1,106,756,1
7,P333952,Obv,866,113,2,2,1,1
7,P333952,Obv,867,113,3,48,86,1
7,P333952,Obv,868,113,4,192,339,1
7,P333952,Obv,869,113,5,188,500,1
7,P333952,Obv,870,113,6,62,380,1
7,P333952,Obv,871,114,0,30,490,1
7,P333952,Obv,872,114,1,43,579,1
7,P333952,Obv,873,114,2,24,14,1
7,P333952,Obv,874,114,3,144,726,1
7,P333952,Obv,875,114,4,58,24,1
7,P333952,Obv,876,115,0,14,748,1
7,P333952,Obv,877,115,1,2,1,1
7,P333952,Obv,878,115,2,194,151,1
7,P333952,Obv,879,115,3,140,92,1
7,P333952,Obv,880,115,4,2,1,1
7,P333952,Obv,881,115,5,116,223,1
7,P333952,Obv,882,115,6,82,812,1
7,P333952,Obv,883,116,0,100,737,1
7,P333952,Obv,884,116,1,19,498,1
7,P333952,Obv,885,116,2,17,112,1
7,P333952,Obv,886,116,3,36,255,1
7,P333952,Obv,887,116,4,26,10,1
7,P333952,Obv,888,116,5,151,887,1
7,P333952,Obv,889,116,6,99,484,1
7,P333952,Obv,890,117,0,111,856,1
7,P333952,Obv,891,117,1,26,10,1
7,P333952,Obv,892,117,2,102,491,1
7,P333952,Obv,893,117,3,8,111,1
7,P333952,Obv,894,117,4,20,127,1
7,P333952,Obv,895,117,5,38,808,1
7,P333952,Obv,896,118,0,2,1,1
7,P333952,Obv,897,118,1,96,567,1
7,P333952,Obv,898,118,2,51,825,1
7,P333952,Obv,899,118,3,84,260,1
7,P333952,Obv,900,119,0,15,514,1
7,P333952,Obv,901,119,1,140,92,1
7,P333952,Obv,902,119,2,56,754,1
7,P333952,Obv,903,119,3,58,24,1
7,P333952,Obv,904,120,0,30,490,1
7,P333952,Obv,905,120,1,97,99,1
7,P333952,Obv,906,120,2,183,258,1
7,P333952,Obv,907,120,3,5,248,1
7,P333952,Obv,908,121,0,14,748,1
7,P333952,Obv,909,121,1,2,1,1
7,P333952,Obv,910,121,2,194,151,1
7,P333952,Obv,911,121,3,140,92,1
7,P333952,Obv,912,121,4,2,1,1
7,P333952,Obv,913,121,5,173,708,1
7,P333952,Obv,914,121,6,98,578,1
7,P333952,Obv,915,121,7,2,1,1
7,P333952,Obv,916,121,8,194,151,1
7,P333952,Obv,917,122,0,58,24,1
7,P333952,Obv,918,122,1,11,839,1
7,P333952,Obv,919,122,2,73,16,1
7,P333952,Obv,920,122,3,1,859,1
7,P333952,Obv,921,122,4,13,552,1
7,P333952,Obv,922,122,5,82,812,1
7,P333952,Obv,923,122,6,16,661,1
7,P333952,Obv,924,122,7,164,815,1
7,P333952,Obv,925,122,8,296,348,1
7,P333952,Obv,926,122,9,18,589,1
7,P333952,Obv,927,123,0,58,24,1
7,P333952,Obv,928,123,1,108,89,1
7,P333952,Obv,929,123,2,87,580,1
7,P333952,Obv,930,123,3,148,566,1
7,P333952,Obv,931,123,4,51,825,1
7,P333952,Obv,932,123,5,217,556,1
7,P333952,Obv,933,124,0,14,748,1
7,P333952,Obv,934,124,1,2,1,1
7,P333952,Obv,935,124,2,194,151,1
7,P333952,Obv,936,124,3,140,92,1
7,P333952,Obv,937,124,4,2,1,1
7,P333952,Obv,938,124,5,2,1,1
7,P333952,Obv,939,124,6,193,71,1
7,P333952,Obv,940,124,7,27,599,1
7,P333952,Obv,941,124,8,193,71,1
7,P333952,Obv,942,125,0,39,596,1
7,P333952,Obv,943,125,1,56,754,1
7,P333952,Obv,944,125,2,144,726,1
7,P333952,Obv,945,125,3,38,808,1
7,P333952,Obv,946,125,4,16,661,1
7,P333952,Obv,947,125,5,83,118,1
7,P333952,Obv,948,126,0,41,98,1
7,P333952,Obv,949,126,1,56,754,1
7,P333952,Obv,950,126,2,65,561,1
7,P333952,Obv,951,126,3,42,511,1
7,P333952,Obv,952,126,4,11,839,1
7,P333952,Obv,953,126,5,83,118,1
7,P333952,Obv,954,127,0,11,839,1
7,P333952,Obv,955,127,1,65,561,1
7,P333952,Obv,956,127,2,250,64,1
7,P333952,Obv,957,127,3,58,24,2
7,P333952,Obv,958,128,0,14,748,1
7,P333952,Obv,959,128,1,2,1,1
7,P333952,Obv,960,128,2,194,151,1
7,P333952,Obv,961,128,3,140,92,1
7,P333952,Obv,962,128,4,2,1,1
7,P333952,Obv,963,128,5,2,1,1
7,P333952,Obv,964,128,6,27,599,1
7,P333952,Obv,965,128,7,21,358,1
7,P333952,Obv,966,128,8,193,71,1
7,P333952,Obv,967,128,9,281,215,1
7,P333952,Obv,968,128,10,26,10,2
7,P333952,Obv,969,129,0,11,839,1
7,P333952,Obv,970,129,1,76,142,1
7,P333952,Obv,971,129,2,121,560,1
7,P333952,Obv,972,129,3,58,24,1
7,P333952,Obv,973,129,4,77,736,1
7,P333952,Obv,974,129,5,156,136,1
7,P333952,Obv,975,129,6,39,596,1
7,P333952,Obv,976,129,7,11,839,1
7,P333952,Obv,977,129,8,4,110,0
7,P333952,Obv,978,129,9,38,808,0
7,P333952,Obv,979,130,0,14,748,1
7,P333952,Obv,980,130,1,2,1,1
7,P333952,Obv,981,130,2,194,151,1
7,P333952,Obv,982,130,3,140,92,1
7,P333952,Obv,983,130,4,2,1,1
7,P333952,Obv,984,130,5,36,255,1
7,P333952,Obv,985,130,6,45,381,1
7,P333952,Obv,986,130,7,100,737,2
7,P333952,Obv,987,130,8,19,498,0
7,P333952,Obv,988,130,9,17,112,0
7,P333952,Obv,989,131,0,36,255,1
7,P333952,Obv,990,131,1,26,10,1
7,P333952,Obv,991,131,2,151,887,1
7,P333952,Obv,992,131,3,99,484,0
7,P333952,Obv,993,132,0,94,631,1
7,P333952,Obv,994,132,1,28,469,1
7,P333952,Obv,995,132,2,89,172,1
7,P333952,Obv,996,132,3,183,258,1
7,P333952,Obv,997,132,4,58,24,0
7,P333952,Obv,998,133,0,111,856,1
7,P333952,Obv,999,133,1,89,172,1
7,P333952,Obv,1000,133,2,38,808,0
7,P333952,Obv,1001,134,0,144,726,1
7,P333952,Obv,1002,134,1,5,248,1
7,P333952,Obv,1003,134,2,200,309,1
7,P333952,Obv,1004,134,3,58,24,2
7,P333952,Obv,1005,135,0,11,839,1
7,P333952,Obv,1006,135,1,126,496,1
7,P333952,Obv,1007,135,2,173,708,0
7,P333952,Obv,1008,136,0,2,1,1
7,P333952,Obv,1009,136,1,100,737,1
7,P333952,Obv,1010,136,2,224,117,1
7,P333952,Obv,1011,136,3,83,118,1
7,P333952,Obv,1012,136,4,58,24,2
7,P333952,Obv,1013,137,0,2,1,1
7,P333952,Obv,1014,137,1,26,10,1
7,P333952,Obv,1015,137,2,19,498,1
7,P333952,Obv,1016,137,3,35,553,1
7,P333952,Obv,1017,137,4,56,754,2
7,P333952,Obv,1018,138,0,30,490,1
7,P333952,Obv,1019,138,1,126,496,1
7,P333952,Obv,1020,138,2,58,24,1
7,P333952,Obv,1021,139,0,2,1,1
7,P333952,Obv,1022,139,1,225,540,1
7,P333952,Obv,1023,139,2,58,24,1
7,P333952,Obv,1024,140,0,40,9,1
7,P333952,Obv,1025,140,1,8,111,1
7,P333952,Obv,1026,140,2,30,490,1
7,P333952,Obv,1027,140,3,97,99,1
7,P333952,Obv,1028,140,4,183,258,1
7,P333952,Obv,1029,140,5,40,9,2
7,P333952,Obv,1030,141,0,2,1,1
7,P333952,Obv,1031,141,1,145,148,1
7,P333952,Obv,1032,141,2,58,24,2
7,P333952,Obv,1033,142,0,46,313,1
7,P333952,Obv,1034,142,1,30,490,1
7,P333952,Obv,1035,142,2,1,859,2
7,P333952,Obv,1036,142,3,40,9,0
7,P333952,Obv,1037,143,0,119,266,1
7,P333952,Obv,1038,143,1,39,596,1
7,P333952,Obv,1039,143,2,2,1,1
7,P333952,Obv,1040,143,3,211,663,1
7,P333952,Obv,1041,143,4,0,0,0
7,P333952,Obv,1042,143,5,0,0,0
7,P333952,Obv,1043,143,6,0,0,0
7,P333952,Obv,1044,144,0,65,561,1
7,P333952,Obv,1045,144,1,103,635,1
7,P333952,Obv,1046,144,2,0,0,0
7,P333952,Obv,1047,144,3,0,0,0
7,P333952,Obv,1048,145,0,2,1,1
7,P333952,Obv,1049,145,1,211,663,2
7,P333952,Obv,1050,145,2,65,561,2
7,P333952,Obv,1051,145,3,0,0,0
7,P333952,Obv,1052,145,4,0,0,0
7,P333952,Obv,1053,145,5,0,0,0
7,P333952,Obv,1054,146,0,5,248,1
7,P333952,Obv,1055,146,1,113,464,1
7,P333952,Obv,1056,146,2,62,380,1
7,P333952,Obv,1057,146,3,10,869,1
7,P333952,Obv,1058,147,0,108,89,1
7,P333952,Obv,1059,147,1,80,252,1
7,P333952,Obv,1060,147,2,13,552,1
7,P333952,Obv,1061,147,3,187,644,1
7,P333952,Obv,1062,148,0,58,24,1
7,P333952,Obv,1063,148,1,167,678,1
7,P333952,Obv,1064,148,2,11,839,1
7,P333952,Obv,1065,148,3,83,118,1
7,P333952,Obv,1066,149,0,87,580,1
7,P333952,Obv,1067,149,1,45,381,1
7,P333952,Obv,1068,149,2,111,856,1
7,P333952,Obv,1069,149,3,11,839,1
7,P333952,Obv,1070,149,4,83,118,1
7,P333952,Obv,1071,150,0,1,859,1
7,P333952,Obv,1072,150,1,80,252,1
7,P333952,Obv,1073,150,2,65,561,1
7,P333952,Obv,1074,150,3,24,14,1
7,P333952,Obv,1075,150,4,87,580,1
7,P333952,Obv,1076,150,5,16,661,1
7,P333952,Obv,1077,150,6,62,380,1
7,P333952,Obv,1078,151,0,2,1,1
7,P333952,Obv,1079,151,1,79,724,1
7,P333952,Obv,1080,151,2,185,701,1
7,P333952,Obv,1081,151,3,51,825,1
7,P333952,Obv,1082,151,4,10,869,1
7,P333952,Obv,1083,152,0,30,490,1
7,P333952,Obv,1084,152,1,31,113,1
7,P333952,Obv,1085,152,2,176,221,1
7,P333952,Obv,1086,152,3,10,869,1
7,P333952,Obv,1087,152,4,17,112,1
7,P333952,Obv,1088,153,0,183,258,1
7,P333952,Obv,1089,153,1,83,118,1
7,P333952,Obv,1090,153,2,183,258,1
7,P333952,Obv,1091,153,3,83,118,1
7,P333952,Obv,1092,153,4,13,552,1
7,P333952,Obv,1093,154,0,119,266,1
7,P333952,Obv,1094,154,1,72,541,1
7,P333952,Obv,1095,154,2,76,142,1
7,P333952,Obv,1096,154,3,13,552,1
7,P333952,Obv,1097,155,0,148,566,1
7,P333952,Obv,1098,155,1,155,598,1
7,P333952,Obv,1099,155,2,80,252,1
7,P333952,Obv,1100,155,3,170,883,1
7,P333952,Obv,1101,155,4,95,747,1
7,P333952,Obv,1102,155,5,78,164,1
7,P333952,Obv,1103,155,6,65,561,1
7,P333952,Obv,1104,155,7,80,252,1
7,P333952,Obv,1105,155,8,62,380,1
7,P333952,Obv,1106,156,0,43,579,1
7,P333952,Obv,1107,156,1,82,812,1
7,P333952,Obv,1108,156,2,48,86,1
7,P333952,Obv,1109,156,3,148,566,1
7,P333952,Obv,1110,156,4,119,266,1
7,P333952,Obv,1111,157,0,11,839,1
7,P333952,Obv,1112,157,1,4,110,1
7,P333952,Obv,1113,157,2,38,808,1
7,P333952,Obv,1114,157,3,26,10,1
7,P333952,Obv,1115,157,4,31,113,1
7,P333952,Obv,1116,157,5,122,672,1
7,P333952,Obv,1117,157,6,281,215,1
7,P333952,Obv,1118,157,7,26,10,1
7,P333952,Obv,1119,158,0,11,839,1
7,P333952,Obv,1120,158,1,4,110,1
7,P333952,Obv,1121,158,2,301,392,1
7,P333952,Obv,1122,158,3,119,266,1
7,P333952,Obv,1123,159,0,100,737,1
7,P333952,Obv,1124,159,1,80,252,1
7,P333952,Obv,1125,159,2,5,248,1
7,P333952,Obv,1126,159,3,90,132,1
7,P333952,Obv,1127,159,4,76,142,1
7,P333952,Obv,1128,159,5,62,380,1
7,P333952,Obv,1129,159,6,62,380,1
7,P333952,Obv,1130,160,0,13,552,1
7,P333952,Obv,1131,160,1,11,839,1
7,P333952,Obv,1132,160,2,148,566,1
7,P333952,Obv,1133,160,3,225,540,1
7,P333952,Obv,1134,161,0,148,566,1
7,P333952,Obv,1135,161,1,96,567,1
7,P333952,Obv,1136,161,2,81,753,1
7,P333952,Obv,1137,161,3,23,85,1
7,P333952,Obv,1138,162,0,2,1,1
7,P333952,Obv,1139,162,1,73,16,1
7,P333952,Obv,1140,162,2,62,380,1
7,P333952,Obv,1141,162,3,100,737,1
7,P333952,Obv,1142,162,4,5,248,1
7,P333952,Obv,1143,162,5,104,184,1
7,P333952,Obv,1144,162,6,62,380,1
7,P333952,Obv,1145,163,0,13,552,1
7,P333952,Obv,1146,163,1,11,839,1
7,P333952,Obv,1147,163,2,84,260,1
7,P333952,Obv,1148,163,3,30,490,1
7,P333952,Obv,1149,164,0,195,259,1
7,P333952,Obv,1150,164,1,121,560,1
7,P333952,Obv,1151,164,2,27,599,1
7,P333952,Obv,1152,164,3,21,358,1
7,P333952,Obv,1153,164,4,84,260,1
7,P333952,Obv,1154,165,0,197,300,1
7,P333952,Obv,1155,165,1,48,86,1
7,P333952,Obv,1156,165,2,72,541,1
7,P333952,Obv,1157,165,3,155,598,1
7,P333952,Obv,1158,165,4,77,736,1
7,P333952,Obv,1159,166,0,30,490,1
7,P333952,Obv,1160,166,1,13,552,1
7,P333952,Obv,1161,166,2,11,839,1
7,P333952,Obv,1162,166,3,119,266,1
7,P333952,Obv,1163,166,4,108,89,1
7,P333952,Obv,1164,166,5,5,248,1
7,P333952,Obv,1165,166,6,113,464,1
7,P333952,Obv,1166,166,7,177,494,1
7,P333952,Obv,1167,167,0,119,266,1
7,P333952,Obv,1168,167,1,39,596,1
7,P333952,Obv,1169,167,2,156,136,1
7,P333952,Obv,1170,167,3,38,808,1
7,P333952,Obv,1171,167,4,16,661,1
7,P333952,Obv,1172,168,0,65,561,1
7,P333952,Obv,1173,168,1,4,110,1
7,P333952,Obv,1174,168,2,17,112,1
7,P333952,Obv,1175,168,3,156,136,1
7,P333952,Obv,1176,168,4,38,808,1
7,P333952,Obv,1177,168,5,16,661,1
7,P333952,Obv,1178,168,6,13,552,1
7,P333952,Obv,1179,169,0,148,566,1
7,P333952,Obv,1180,169,1,155,598,1
7,P333952,Obv,1181,169,2,80,252,1
7,P333952,Obv,1182,169,3,170,883,1
7,P333952,Obv,1183,169,4,151,887,1
7,P333952,Obv,1184,169,5,183,258,1
7,P333952,Obv,1185,169,6,1,859,1
7,P333952,Obv,1186,170,0,36,255,1
7,P333952,Obv,1187,170,1,170,883,1
7,P333952,Obv,1188,170,2,193,71,1
7,P333952,Obv,1189,170,3,281,215,1
7,P333952,Obv,1190,170,4,26,10,1
7,P333952,Obv,1191,171,0,77,736,1
7,P333952,Obv,1192,171,1,41,98,1
7,P333952,Obv,1193,171,2,11,839,1
7,P333952,Obv,1194,171,3,4,110,1
7,P333952,Obv,1195,171,4,14,748,1
7,P333952,Obv,1196,171,5,2,1,1
7,P333952,Obv,1197,171,6,194,151,1
7,P333952,Obv,1198,171,7,140,92,1
7,P333952,Obv,1199,171,8,2,1,1
7,P333952,Obv,1200,171,9,173,708,1
7,P333952,Obv,1201,171,10,98,578,1
7,P333952,Obv,1202,171,11,2,1,1
7,P333952,Obv,1203,171,12,194,151,1
7,P333952,Obv,1204,172,0,26,10,1
7,P333952,Obv,1205,172,1,95,747,1
7,P333952,Obv,1206,172,2,1,859,1
7,P333952,Obv,1207,172,3,193,71,1
7,P333952,Obv,1208,172,4,281,215,1
7,P333952,Obv,1209,172,5,26,10,1
7,P333952,Obv,1210,173,0,11,839,1
7,P333952,Obv,1211,173,1,4,110,1
7,P333952,Obv,1212,173,2,197,300,1
7,P333952,Obv,1213,173,3,5,248,1
7,P333952,Obv,1214,173,4,183,258,1
7,P333952,Obv,1215,173,5,48,86,1
7,P333952,Obv,1216,173,6,195,259,1
7,P333952,Obv,1217,174,0,214,744,1
7,P333952,Obv,1218,174,1,41,98,1
7,P333952,Obv,1219,174,2,11,839,1
7,P333952,Obv,1220,174,3,4,110,1
7,P333952,Obv,1221,174,4,41,98,1
7,P333952,Obv,1222,174,5,76,142,1
7,P333952,Obv,1223,174,6,1,859,1
7,P333952,Obv,1224,175,0,11,839,1
7,P333952,Obv,1225,175,1,4,110,1
7,P333952,Obv,1226,175,2,21,358,1
7,P333952,Obv,1227,175,3,311,486,1
7,P333952,Obv,1228,175,4,193,71,1
7,P333952,Obv,1229,175,5,5,248,1
7,P333952,Obv,1230,175,6,137,466,1
7,P333952,Obv,1231,175,7,42,511,1
7,P333952,Obv,1232,176,0,11,839,1
7,P333952,Obv,1233,176,1,4,110,1
7,P333952,Obv,1234,176,2,30,490,1
7,P333952,Obv,1235,176,3,195,259,1
7,P333952,Obv,1236,176,4,19,498,2
7,P333952,Obv,1237,176,5,1,859,0
7,P333952,Obv,1238,177,0,1,859,1
7,P333952,Obv,1239,177,1,30,490,1
7,P333952,Obv,1240,177,2,0,0,0
7,P333952,Obv,1241,177,3,0,0,0
7,P333952,Obv,1242,177,4,0,0,0
7,P333952,Obv,1243,177,5,0,0,0
7,P333952,Obv,1244,178,0,15,514,1
7,P333952,Obv,1245,178,1,0,0,0
7,P333952,Obv,1246,178,2,0,0,0
7,P333952,Obv,1247,178,3,0,0,0
7,P333952,Obv,1248,178,4,0,0,0
7,P333952,Obv,1249,178,5,0,0,0
7,P333952,Obv,1250,179,0,41,98,1
7,P333952,Obv,1251,179,1,0,0,2
7,P333952,Obv,1252,179,2,0,0,0
7,P333952,Obv,1253,179,3,0,0,0
7,P333952,Obv,1254,179,4,0,0,0
7,P333952,Obv,1255,179,5,0,0,0
7,P333952,Obv,1256,179,6,0,0,0
7,P333952,Obv,1257,180,0,100,737,1
7,P333952,Obv,1258,180,1,80,252,2
7,P333952,Obv,1259,180,2,0,0,0
7,P333952,Obv,1260,180,3,0,0,0
7,P333952,Obv,1261,180,4,0,0,0
7,P333952,Obv,1262,180,5,0,0,0
7,P333952,Obv,1263,180,6,0,0,0
7,P333952,Obv,1264,180,7,0,0,0
7,P333952,Obv,1265,181,0,0,0,2
7,P333952,Obv,1266,181,1,0,0,0
7,P333952,Obv,1267,181,2,0,0,0
7,P333952,Obv,1268,181,3,0,0,0
7,P333952,Obv,1269,181,4,0,0,0
7,P333952,Obv,1270,181,5,0,0,0
7,P333952,Obv,1271,181,6,0,0,0
7,P333952,Obv,1272,182,0,108,89,0
7,P333952,Obv,1273,182,1,5,248,0
7,P333952,Obv,1274,182,2,113,464,0
7,P333952,Obv,1275,182,3,177,494,0
7,P333952,Obv,1276,182,4,14,748,0
7,P333952,Obv,1277,182,5,2,1,0
7,P333952,Obv,1278,182,6,194,151,0
7,P333952,Obv,1279,182,7,140,92,0
7,P333952,Obv,1280,182,8,2,1,2
7,P333952,Obv,1281,183,0,11,839,0
7,P333952,Obv,1282,183,1,4,110,0
7,P333952,Obv,1283,183,2,38,808,0
7,P333952,Obv,1284,183,3,26,10,0
7,P333952,Obv,1285,183,4,31,113,0
7,P333952,Obv,1286,183,5,122,672,0
7,P333952,Obv,1287,183,6,193,71,0
7,P333952,Obv,1288,183,7,281,215,2
7,P333952,Obv,1289,183,8,26,10,1
7,P333952,Obv,1290,184,0,14,748,0
7,P333952,Obv,1291,184,1,2,1,0
7,P333952,Obv,1292,184,2,194,151,0
7,P333952,Obv,1293,184,3,140,92,0
7,P333952,Obv,1294,184,4,2,1,0
7,P333952,Obv,1295,184,5,1,859,0
7,P333952,Obv,1296,184,6,2,1,1
7,P333952,Obv,1297,184,7,94,631,1
7,P333952,Obv,1298,184,8,102,491,1
7,P333952,Obv,1299,185,0,26,10,0
7,P333952,Obv,1300,185,1,95,747,0
7,P333952,Obv,1301,185,2,1,859,1
7,P333952,Obv,1302,185,3,193,71,1
7,P333952,Obv,1303,185,4,281,215,1
7,P333952,Obv,1304,185,5,26,10,1
7,P333952,Obv,1305,186,0,111,856,1
7,P333952,Obv,1306,186,1,87,580,1
7,P333952,Obv,1307,186,2,188,500,1
7,P333952,Obv,1308,186,3,10,869,1
7,P333952,Obv,1309,187,0,48,86,1
7,P333952,Obv,1310,187,1,138,387,1
7,P333952,Obv,1311,187,2,82,812,1
7,P333952,Obv,1312,187,3,16,661,1
7,P333952,Obv,1313,187,4,62,380,1
7,P333952,Obv,1314,188,0,65,561,1
7,P333952,Obv,1315,188,1,24,14,1
7,P333952,Obv,1316,188,2,87,580,1
7,P333952,Obv,1317,188,3,113,464,1
7,P333952,Obv,1318,188,4,62,380,1
7,P333952,Obv,1319,188,5,16,661,1
7,P333952,Obv,1320,189,0,1,859,1
7,P333952,Obv,1321,189,1,11,839,1
7,P333952,Obv,1322,189,2,97,99,1
7,P333952,Obv,1323,189,3,24,14,1
7,P333952,Obv,1324,189,4,124,253,1
7,P333952,Obv,1325,189,5,62,380,1
7,P333952,Obv,1326,190,0,2,1,1
7,P333952,Obv,1327,190,1,211,663,1
7,P333952,Obv,1328,190,2,94,631,1
7,P333952,Obv,1329,190,3,108,89,1
7,P333952,Obv,1330,190,4,5,248,1
7,P333952,Obv,1331,190,5,110,140,1
7,P333952,Obv,1332,190,6,110,140,1
7,P333952,Obv,1333,191,0,30,490,1
7,P333952,Obv,1334,191,1,13,552,1
7,P333952,Obv,1335,191,2,11,839,1
7,P333952,Obv,1336,192,0,2,1,1
7,P333952,Obv,1337,192,1,211,663,1
7,P333952,Obv,1338,192,2,88,828,1
7,P333952,Obv,1339,192,3,100,737,1
7,P333952,Obv,1340,192,4,80,252,1
7,P333952,Obv,1341,193,0,5,248,1
7,P333952,Obv,1342,193,1,68,851,1
7,P333952,Obv,1343,193,2,115,297,1
7,P333952,Obv,1344,193,3,13,552,1
7,P333952,Obv,1345,194,0,4,110,1
7,P333952,Obv,1346,194,1,103,635,1
7,P333952,Obv,1347,194,2,65,561,1
7,P333952,Obv,1348,194,3,26,10,1
7,P333952,Obv,1349,194,4,62,380,1
7,P333952,Obv,1350,195,0,100,737,1
7,P333952,Obv,1351,195,1,80,252,1
7,P333952,Obv,1352,195,2,39,596,1
7,P333952,Obv,1353,195,3,41,98,1
7,P333952,Obv,1354,196,0,80,252,1
7,P333952,Obv,1355,196,1,79,724,1
7,P333952,Obv,1356,196,2,203,884,1
7,P333952,Obv,1357,196,3,16,661,1
7,P333952,Obv,1358,196,4,62,380,1
7,P333952,Obv,1359,197,0,110,140,1
7,P333952,Obv,1360,197,1,97,99,1
7,P333952,Obv,1361,197,2,11,839,1
7,P333952,Obv,1362,197,3,83,118,1
7,P333952,Obv,1363,198,0,82,812,1
7,P333952,Obv,1364,198,1,100,737,1
7,P333952,Obv,1365,198,2,296,348,1
7,P333952,Obv,1366,198,3,82,812,1
7,P333952,Obv,1367,199,0,2,1,1
7,P333952,Obv,1368,199,1,113,464,1
7,P333952,Obv,1369,199,2,62,380,1
7,P333952,Obv,1370,199,3,4,110,1
7,P333952,Obv,1371,199,4,103,635,1
7,P333952,Obv,1372,199,5,65,561,1
7,P333952,Obv,1373,199,6,26,10,1
7,P333952,Obv,1374,199,7,62,380,1
7,P333952,Obv,1375,200,0,62,380,2
7,P333952,Obv,1376,200,1,165,437,1
7,P333952,Obv,1377,200,2,76,142,1
7,P333952,Obv,1378,200,3,147,836,1
7,P333952,Obv,1379,201,0,5,248,2
7,P333952,Obv,1380,201,1,27,599,1
7,P333952,Obv,1381,201,2,3,495,1
7,P333952,Obv,1382,201,3,35,553,1
7,P333952,Obv,1383,201,4,84,260,1
7,P333952,Obv,1384,202,0,30,490,2
7,P333952,Obv,1385,202,1,43,579,1
7,P333952,Obv,1386,202,2,68,851,1
7,P333952,Obv,1387,203,0,20,127,1
7,P333952,Obv,1388,203,1,82,812,1
7,P333952,Obv,1389,203,2,176,221,1
7,P333952,Obv,1390,203,3,17,112,1
7,P333952,Obv,1391,203,4,5,248,1
7,P333952,Obv,1392,203,5,126,496,1
7,P333952,Obv,1393,204,0,11,839,1
7,P333952,Obv,1394,204,1,56,754,1
7,P333952,Obv,1395,204,2,176,221,1
7,P333952,Obv,1396,204,3,17,112,1
7,P333952,Obv,1397,204,4,83,118,1
7,P333952,Obv,1398,205,0,5,248,1
7,P333952,Obv,1399,205,1,1,859,1
7,P333952,Obv,1400,205,2,183,258,1
7,P333952,Obv,1401,205,3,83,118,1
7,P333952,Obv,1402,206,0,2,1,1
7,P333952,Obv,1403,206,1,27,599,1
7,P333952,Obv,1404,206,2,21,358,1
7,P333952,Obv,1405,206,3,3,495,1
7,P333952,Obv,1406,206,4,35,553,1
7,P333952,Obv,1407,206,5,58,24,1
7,P333952,Obv,1408,207,0,5,248,1
7,P333952,Obv,1409,207,1,176,221,1
7,P333952,Obv,1410,207,2,192,339,1
7,P333952,Obv,1411,207,3,188,500,1
7,P333952,Obv,1412,208,0,36,255,1
7,P333952,Obv,1413,208,1,58,24,1
7,P333952,Obv,1414,208,2,36,255,1
7,P333952,Obv,1415,208,3,36,255,1
7,P333952,Obv,1416,208,4,58,24,1
7,P333952,Obv,1417,209,0,119,266,1
7,P333952,Obv,1418,209,1,16,661,1
7,P333952,Obv,1419,209,2,39,596,1
7,P333952,Obv,1420,210,0,2,1,1
7,P333952,Obv,1421,210,1,190,559,1
7,P333952,Obv,1422,210,2,100,737,1
7,P333952,Obv,1423,210,3,1,859,1
7,P333952,Obv,1424,210,4,26,10,1
7,P333952,Obv,1425,210,5,49,120,1
7,P333952,Obv,1426,211,0,30,490,1
7,P333952,Obv,1427,211,1,113,464,1
7,P333952,Obv,1428,211,2,57,548,1
7,P333952,Obv,1429,212,0,148,566,1
7,P333952,Obv,1430,212,1,155,598,1
7,P333952,Obv,1431,212,2,80,252,1
7,P333952,Obv,1432,212,3,14,748,1
7,P333952,Obv,1433,212,4,108,89,1
7,P333952,Obv,1434,212,5,65,561,1
7,P333952,Obv,1435,212,6,117,755,1
7,P333952,Obv,1436,212,7,26,10,1
7,P333952,Obv,1437,213,0,36,255,1
7,P333952,Obv,1438,213,1,193,71,1
7,P333952,Obv,1439,213,2,281,215,1
7,P333952,Obv,1440,213,3,26,10,1
96,P314355,Rev,0,0,0,0,0,0
96,P314355,Rev,1,0,1,114,807,2
96,P314355,Rev,2,0,2,24,14,1
96,P314355,Rev,3,0,3,57,548,1
96,P314355,Rev,4,0,4,79,724,0
96,P314355,Rev,5,0,5,0,0,0
96,P314355,Rev,6,0,6,0,0,0
96,P314355,Rev,7,0,7,0,0,0
96,P314355,Rev,8,0,8,0,0,0
96,P314355,Rev,9,1,0,30,490,1
96,P314355,Rev,10,1,1,43,579,1
96,P314355,Rev,11,1,2,68,851,1
96,P314355,Rev,12,1,3,26,10,1
96,P314355,Rev,13,1,4,62,380,1
96,P314355,Rev,14,1,5,0,0,0
96,P314355,Rev,15,1,6,0,0,0
96,P314355,Rev,16,1,7,0,0,0
96,P314355,Rev,17,1,8,0,0,0
96,P314355,Rev,18,1,9,0,0,0
96,P314355,Rev,19,1,10,0,0,0
96,P314355,Rev,20,2,0,119,266,1
96,P314355,Rev,21,2,1,16,661,1
96,P314355,Rev,22,2,2,39,596,1
96,P314355,Rev,23,2,3,121,560,1
96,P314355,Rev,24,2,4,126,496,1
96,P314355,Rev,25,2,5,0,0,0
96,P314355,Rev,26,2,6,0,0,0
96,P314355,Rev,27,2,7,0,0,0
96,P314355,Rev,28,2,8,0,0,0
96,P314355,Rev,29,2,9,0,0,0
96,P314355,Rev,30,2,10,0,0,0
96,P314355,Rev,31,3,0,148,566,1
96,P314355,Rev,32,3,1,98,578,1
96,P314355,Rev,33,3,2,98,578,1
96,P314355,Rev,34,3,3,52,298,1
96,P314355,Rev,35,3,4,87,580,2
96,P314355,Rev,36,3,5,0,0,0
96,P314355,Rev,37,3,6,0,0,0
96,P314355,Rev,38,3,7,0,0,0
96,P314355,Rev,39,3,8,0,0,0
96,P314355,Rev,40,3,9,0,0,0
96,P314355,Rev,41,4,0,39,596,1
96,P314355,Rev,42,4,1,41,98,1
96,P314355,Rev,43,4,2,148,566,1
96,P314355,Rev,44,4,3,279,209,1
96,P314355,Rev,45,4,4,0,0,2
96,P314355,Rev,46,4,5,0,0,0
96,P314355,Rev,47,4,6,0,0,0
96,P314355,Rev,48,4,7,0,0,0
96,P314355,Rev,49,4,8,0,0,0
96,P314355,Rev,50,4,9,0,0,0
96,P314355,Rev,51,4,10,0,0,0
96,P314355,Rev,52,5,0,16,661,1
96,P314355,Rev,53,5,1,1,859,1
96,P314355,Rev,54,5,2,100,737,1
96,P314355,Rev,55,5,3,17,112,2
96,P314355,Rev,56,5,4,62,380,0
96,P314355,Rev,57,5,5,0,0,0
96,P314355,Rev,58,5,6,0,0,0
96,P314355,Rev,59,5,7,0,0,0
96,P314355,Rev,60,5,8,0,0,0
96,P314355,Rev,61,5,9,0,0,0
96,P314355,Rev,62,6,0,82,812,1
96,P314355,Rev,63,6,1,88,828,1
96,P314355,Rev,64,6,2,76,142,2
96,P314355,Rev,65,6,3,156,136,0
96,P314355,Rev,66,6,4,0,0,0
96,P314355,Rev,67,6,5,0,0,0
96,P314355,Rev,68,6,6,0,0,0
96,P314355,Rev,69,6,7,0,0,0
96,P314355,Rev,70,6,8,0,0,0
96,P314355,Rev,71,7,0,30,490,1
96,P314355,Rev,72,7,1,0,0,0
96,P314355,Rev,73,7,2,0,0,0
96,P314355,Rev,74,7,3,0,0,0
96,P314355,Rev,75,7,4,0,0,0
96,P314355,Rev,76,7,5,0,0,0
96,P314355,Rev,77,7,6,0,0,0
96,P314355,Rev,78,7,7,0,0,0
96,P314355,Rev,79,7,8,0,0,0
96,P314355,Rev,80,7,9,0,0,0
98,P314355,Obv,0,0,0,107,181,2
98,P314355,Obv,1,0,1,0,0,0
98,P314355,Obv,2,0,2,0,0,0
98,P314355,Obv,3,0,3,0,0,0
98,P314355,Obv,4,0,4,0,0,0
98,P314355,Obv,5,0,5,0,0,0
98,P314355,Obv,6,0,6,0,0,0
98,P314355,Obv,7,0,7,0,0,0
98,P314355,Obv,8,0,8,0,0,0
98,P314355,Obv,9,0,9,0,0,0
98,P314355,Obv,10,1,0,28,469,1
98,P314355,Obv,11,1,1,0,0,0
98,P314355,Obv,12,1,2,0,0,0
98,P314355,Obv,13,1,3,0,0,0
98,P314355,Obv,14,1,4,0,0,0
98,P314355,Obv,15,1,5,0,0,0
98,P314355,Obv,16,1,6,0,0,0
98,P314355,Obv,17,1,7,0,0,0
98,P314355,Obv,18,1,8,0,0,0
98,P314355,Obv,19,1,9,0,0,0
98,P314355,Obv,20,2,0,17,112,1
98,P314355,Obv,21,2,1,0,0,0
98,P314355,Obv,22,2,2,0,0,0
98,P314355,Obv,23,2,3,0,0,0
98,P314355,Obv,24,2,4,0,0,0
98,P314355,Obv,25,2,5,0,0,0
98,P314355,Obv,26,2,6,0,0,0
98,P314355,Obv,27,2,7,0,0,0
98,P314355,Obv,28,2,8,0,0,0
98,P314355,Obv,29,2,9,0,0,0
98,P314355,Obv,30,3,0,62,380,1
98,P314355,Obv,31,3,1,81,753,1
98,P314355,Obv,32,3,2,149,899,0
98,P314355,Obv,33,3,3,0,0,0
98,P314355,Obv,34,3,4,0,0,0
98,P314355,Obv,35,3,5,0,0,0
98,P314355,Obv,36,3,6,0,0,0
98,P314355,Obv,37,3,7,0,0,0
98,P314355,Obv,38,3,8,0,0,0
98,P314355,Obv,39,3,9,0,0,0
98,P314355,Obv,40,3,10,0,0,0
98,P314355,Obv,41,4,0,2,1,1
98,P314355,Obv,42,4,1,79,724,1
98,P314355,Obv,43,4,2,0,0,0
98,P314355,Obv,44,4,3,0,0,0
98,P314355,Obv,45,4,4,0,0,0
98,P314355,Obv,46,4,5,0,0,0
98,P314355,Obv,47,4,6,0,0,0
98,P314355,Obv,48,4,7,0,0,0
98,P314355,Obv,49,4,8,0,0,0
98,P314355,Obv,50,4,9,0,0,0
98,P314355,Obv,51,5,0,113,464,1
98,P314355,Obv,52,5,1,62,380,1
98,P314355,Obv,53,5,2,0,0,0
98,P314355,Obv,54,5,3,0,0,0
98,P314355,Obv,55,5,4,0,0,0
98,P314355,Obv,56,5,5,0,0,0
98,P314355,Obv,57,5,6,0,0,0
98,P314355,Obv,58,5,7,0,0,0
98,P314355,Obv,59,5,8,0,0,0
98,P314355,Obv,60,5,9,0,0,0
98,P314355,Obv,61,6,0,370,891,1
98,P314355,Obv,62,6,1,0,0,0
98,P314355,Obv,63,6,2,0,0,0
98,P314355,Obv,64,6,3,0,0,0
98,P314355,Obv,65,6,4,0,0,0
98,P314355,Obv,66,6,5,0,0,0
98,P314355,Obv,67,6,6,0,0,0
98,P314355,Obv,68,6,7,0,0,0
98,P314355,Obv,69,6,8,0,0,0
0,P313634,Rev,0,0,0,0,0,0
0,P313634,Rev,1,0,1,0,0,0
0,P313634,Rev,2,0,2,0,0,2
0,P313634,Rev,3,0,3,121,560,1
0,P313634,Rev,4,0,4,76,142,1
0,P313634,Rev,5,0,5,0,0,0
0,P313634,Rev,6,0,6,0,0,0
0,P313634,Rev,7,0,7,0,0,0
0,P313634,Rev,8,0,8,0,0,0
0,P313634,Rev,9,0,9,0,0,0
0,P313634,Rev,10,0,10,0,0,0
0,P313634,Rev,11,0,11,0,0,0
0,P313634,Rev,12,0,12,0,0,0
0,P313634,Rev,13,0,13,0,0,0
0,P313634,Rev,14,0,14,0,0,0
0,P313634,Rev,15,0,15,0,0,0
0,P313634,Rev,16,1,0,108,89,0
0,P313634,Rev,17,1,1,11,839,0
0,P313634,Rev,18,1,2,76,142,1
0,P313634,Rev,19,1,3,23,85,1
0,P313634,Rev,20,1,4,100,737,1
0,P313634,Rev,21,1,5,11,839,1
0,P313634,Rev,22,1,6,4,110,2
0,P313634,Rev,23,1,7,0,0,0
0,P313634,Rev,24,1,8,0,0,0
0,P313634,Rev,25,1,9,0,0,0
0,P313634,Rev,26,1,10,0,0,0
0,P313634,Rev,27,1,11,0,0,0
0,P313634,Rev,28,1,12,0,0,0
0,P313634,Rev,29,1,13,0,0,0
0,P313634,Rev,30,1,14,0,0,0
0,P313634,Rev,31,2,0,13,552,0
0,P313634,Rev,32,2,1,11,839,2
0,P313634,Rev,33,2,2,39,596,1
0,P313634,Rev,34,2,3,81,753,1
0,P313634,Rev,35,2,4,160,261,2
0,P313634,Rev,36,2,5,62,380,2
0,P313634,Rev,37,2,6,30,490,1
0,P313634,Rev,38,2,7,164,815,2
0,P313634,Rev,39,2,8,0,0,0
0,P313634,Rev,40,2,9,0,0,0
0,P313634,Rev,41,2,10,0,0,0
0,P313634,Rev,42,2,11,0,0,0
0,P313634,Rev,43,2,12,0,0,0
0,P313634,Rev,44,2,13,0,0,0
0,P313634,Rev,45,2,14,0,0,0
0,P313634,Rev,46,3,0,15,514,2
0,P313634,Rev,47,3,1,140,92,1
0,P313634,Rev,48,3,2,11,839,1
0,P313634,Rev,49,3,3,21,358,1
0,P313634,Rev,50,3,4,98,578,1
0,P313634,Rev,51,3,5,1,859,1
0,P313634,Rev,52,3,6,14,748,1
0,P313634,Rev,53,3,7,2,1,1
0,P313634,Rev,54,3,8,194,151,1
0,P313634,Rev,55,3,9,44,379,1
0,P313634,Rev,56,3,10,11,839,1
0,P313634,Rev,57,3,11,0,0,0
0,P313634,Rev,58,3,12,0,0,0
0,P313634,Rev,59,3,13,0,0,0
0,P313634,Rev,60,3,14,0,0,0
0,P313634,Rev,61,3,15,0,0,0
0,P313634,Rev,62,3,16,0,0,0
0,P313634,Rev,63,4,0,13,552,0
0,P313634,Rev,64,4,1,11,839,2
0,P313634,Rev,65,4,2,79,724,1
0,P313634,Rev,66,4,3,21,358,1
0,P313634,Rev,67,4,4,98,578,1
0,P313634,Rev,68,4,5,98,578,1
0,P313634,Rev,69,4,6,30,490,1
0,P313634,Rev,70,4,7,176,221,1
0,P313634,Rev,71,4,8,97,99,1
0,P313634,Rev,72,4,9,26,10,0
0,P313634,Rev,73,4,10,0,0,0
0,P313634,Rev,74,4,11,0,0,0
0,P313634,Rev,75,4,12,0,0,0
0,P313634,Rev,76,4,13,0,0,0
0,P313634,Rev,77,4,14,0,0,0
0,P313634,Rev,78,5,0,13,552,2
0,P313634,Rev,79,5,1,11,839,1
0,P313634,Rev,80,5,2,2,1,1
0,P313634,Rev,81,5,3,77,736,1
0,P313634,Rev,82,5,4,7,141,1
0,P313634,Rev,83,5,5,23,85,1
0,P313634,Rev,84,5,6,84,260,1
0,P313634,Rev,85,5,7,113,464,2
0,P313634,Rev,86,5,8,62,380,0
0,P313634,Rev,87,5,9,80,252,0
0,P313634,Rev,88,5,10,0,0,0
0,P313634,Rev,89,5,11,0,0,0
0,P313634,Rev,90,5,12,0,0,0
0,P313634,Rev,91,5,13,0,0,0
0,P313634,Rev,92,5,14,0,0,0
0,P313634,Rev,93,6,0,11,839,0
0,P313634,Rev,94,6,1,126,496,1
0,P313634,Rev,95,6,2,173,708,1
0,P313634,Rev,96,6,3,44,379,1
0,P313634,Rev,97,6,4,145,148,1
0,P313634,Rev,98,6,5,39,596,1
0,P313634,Rev,99,6,6,1,859,1
0,P313634,Rev,100,6,7,131,745,1
0,P313634,Rev,101,6,8,7,141,1
0,P313634,Rev,102,6,9,26,10,2
0,P313634,Rev,103,6,10,0,0,0
0,P313634,Rev,104,6,11,0,0,0
0,P313634,Rev,105,6,12,0,0,0
0,P313634,Rev,106,6,13,0,0,0
0,P313634,Rev,107,6,14,0,0,0
0,P313634,Rev,108,7,0,28,469,0
0,P313634,Rev,109,7,1,252,75,1
0,P313634,Rev,110,7,2,14,748,1
0,P313634,Rev,111,7,3,97,99,1
0,P313634,Rev,112,7,4,1,859,1
0,P313634,Rev,113,7,5,126,496,1
0,P313634,Rev,114,7,6,62,380,1
0,P313634,Rev,115,7,7,2,1,1
0,P313634,Rev,116,7,8,211,663,2
0,P313634,Rev,117,7,9,0,0,0
0,P313634,Rev,118,7,10,0,0,0
0,P313634,Rev,119,7,11,0,0,0
0,P313634,Rev,120,7,12,0,0,0
0,P313634,Rev,121,7,13,0,0,0
0,P313634,Rev,122,8,0,67,499,2
0,P313634,Rev,123,8,1,99,484,1
0,P313634,Rev,124,8,2,111,856,1
0,P313634,Rev,125,8,3,8,111,1
0,P313634,Rev,126,8,4,89,172,1
0,P313634,Rev,127,8,5,103,635,1
0,P313634,Rev,128,8,6,98,578,1
0,P313634,Rev,129,8,7,0,0,0
0,P313634,Rev,130,8,8,0,0,0
0,P313634,Rev,131,8,9,0,0,0
0,P313634,Rev,132,8,10,0,0,0
0,P313634,Rev,133,8,11,0,0,0
0,P313634,Rev,134,8,12,0,0,0
0,P313634,Rev,135,9,0,0,0,0
0,P313634,Rev,136,9,1,0,0,0
0,P313634,Rev,137,9,2,0,0,2
0,P313634,Rev,138,9,3,13,552,1
0,P313634,Rev,139,9,4,62,380,1
0,P313634,Rev,140,9,5,1,859,1
0,P313634,Rev,141,9,6,98,578,1
0,P313634,Rev,142,9,7,25,350,1
0,P313634,Rev,143,9,8,62,380,0
0,P313634,Rev,144,9,9,0,0,0
0,P313634,Rev,145,9,10,0,0,0
0,P313634,Rev,146,9,11,0,0,0
0,P313634,Rev,147,9,12,0,0,0
0,P313634,Rev,148,9,13,0,0,0
0,P313634,Rev,149,9,14,0,0,0
0,P313634,Rev,150,9,15,0,0,0
0,P313634,Rev,151,10,0,1,859,0
0,P313634,Rev,152,10,1,184,5,1
0,P313634,Rev,153,10,2,44,379,1
0,P313634,Rev,154,10,3,145,148,1
0,P313634,Rev,155,10,4,39,596,1
0,P313634,Rev,156,10,5,1,859,1
0,P313634,Rev,157,10,6,131,745,0
0,P313634,Rev,158,10,7,7,141,0
0,P313634,Rev,159,10,8,0,0,0
0,P313634,Rev,160,10,9,0,0,0
0,P313634,Rev,161,10,10,0,0,0
0,P313634,Rev,162,10,11,0,0,0
0,P313634,Rev,163,10,12,0,0,0
0,P313634,Rev,164,10,13,0,0,0
0,P313634,Rev,165,10,14,0,0,0
0,P313634,Rev,166,11,0,2,1,0
0,P313634,Rev,167,11,1,76,142,1
0,P313634,Rev,168,11,2,43,579,1
0,P313634,Rev,169,11,3,84,260,1
0,P313634,Rev,170,11,4,0,0,2
0,P313634,Rev,171,11,5,0,0,0
0,P313634,Rev,172,11,6,0,0,0
0,P313634,Rev,173,11,7,0,0,0
0,P313634,Rev,174,11,8,0,0,0
0,P313634,Rev,175,11,9,0,0,0
0,P313634,Rev,176,11,10,0,0,0
0,P313634,Rev,177,11,11,0,0,0
0,P313634,Rev,178,11,12,0,0,0
0,P313634,Rev,179,11,13,0,0,0
0,P313634,Rev,180,11,14,0,0,0
0,P313634,Rev,181,11,15,0,0,0
0,P313634,Rev,182,12,0,206,247,2
0,P313634,Rev,183,12,1,56,754,2
0,P313634,Rev,184,12,2,0,0,0
0,P313634,Rev,185,12,3,0,0,0
0,P313634,Rev,186,12,4,0,0,0
0,P313634,Rev,187,12,5,0,0,0
0,P313634,Rev,188,12,6,0,0,0
0,P313634,Rev,189,12,7,0,0,0
0,P313634,Rev,190,12,8,0,0,0
0,P313634,Rev,191,12,9,0,0,0
0,P313634,Rev,192,12,10,0,0,0
0,P313634,Rev,193,12,11,0,0,0
0,P313634,Rev,194,12,12,0,0,0
0,P313634,Rev,195,12,13,0,0,0
0,P313634,Rev,196,12,14,0,0,0
